databricks_uc_serverless,parquet,ds1,ds1_select_ordered_limit30,cold,1,2.445725124969613,,0.0019022306527541433,Small,2026-09-19T22:41:50.863118+00:00
databricks_uc_serverless,parquet,ds1,ds1_select_ordered_limit30,cold,2,0.48359541600802913,,0.00037612976800624487,Small,2026-09-19T22:41:50.863226+00:00
databricks_uc_serverless,parquet,ds1,ds1_select_ordered_limit30,cold,3,0.5063707499648444,,0.0003938439166393234,Small,2026-09-19T22:41:50.863267+00:00
databricks_uc_serverless,parquet,ds1,ds1_select_ordered_limit30,warm,1,0.392003333021421,,0.00030489148123888295,Small,2026-09-19T22:41:50.863296+00:00
databricks_uc_serverless,parquet,ds1,ds1_select_ordered_limit30,warm,2,0.4005192079930566,,0.0003115149395501551,Small,2026-09-19T22:41:50.863322+00:00
databricks_uc_serverless,parquet,ds1,ds1_select_ordered_limit30,warm,3,0.40144541702466086,,0.000312235324352514,Small,2026-09-19T22:41:50.863348+00:00
databricks_uc_serverless,parquet,ds2,ds2_select_ordered_limit30,cold,1,2.002407292020507,,0.0015574278937937277,Small,2026-09-19T22:41:50.863374+00:00
databricks_uc_serverless,parquet,ds2,ds2_select_ordered_limit30,cold,2,0.44331833301112056,,0.00034480314789753815,Small,2026-09-19T22:41:50.863413+00:00
databricks_uc_serverless,parquet,ds2,ds2_select_ordered_limit30,cold,3,0.4708474170183763,,0.00036621465768095935,Small,2026-09-19T22:41:50.863462+00:00
databricks_uc_serverless,parquet,ds2,ds2_select_ordered_limit30,warm,1,0.35845520795555785,,0.000278798495076545,Small,2026-09-19T22:41:50.863493+00:00
databricks_uc_serverless,parquet,ds2,ds2_select_ordered_limit30,warm,2,0.34253137500490993,,0.00026641329167048546,Small,2026-09-19T22:41:50.863519+00:00
databricks_uc_serverless,parquet,ds2,ds2_select_ordered_limit30,warm,3,0.33422174997394904,,0.0002599502499797381,Small,2026-09-19T22:41:50.863544+00:00
databricks_uc_serverless,parquet,ds3,ds3_select_ordered_limit30,cold,1,3.9257990830228664,,0.0030533992867955626,Small,2026-09-19T22:41:50.863570+00:00
databricks_uc_serverless,parquet,ds3,ds3_select_ordered_limit30,cold,2,0.3987014170270413,,0.0003101011021321432,Small,2026-09-19T22:41:50.863595+00:00
databricks_uc_serverless,parquet,ds3,ds3_select_ordered_limit30,cold,3,0.3449782079551369,,0.00026831638396510645,Small,2026-09-19T22:41:50.863628+00:00
databricks_uc_serverless,parquet,ds3,ds3_select_ordered_limit30,warm,1,0.351217917050235,,0.0002731694910390716,Small,2026-09-19T22:41:50.863654+00:00
databricks_uc_serverless,parquet,ds3,ds3_select_ordered_limit30,warm,2,0.33950337499845773,,0.000264058180554356,Small,2026-09-19T22:41:50.863679+00:00
databricks_uc_serverless,parquet,ds3,ds3_select_ordered_limit30,warm,3,0.33670054195681587,,0.00026187819929974565,Small,2026-09-19T22:41:50.863704+00:00
databricks_uc_serverless,parquet,ds4,ds4_select_ordered_limit30,cold,1,3.3408040840295143,,0.0025984031764673997,Small,2026-09-19T22:41:50.863737+00:00
databricks_uc_serverless,parquet,ds4,ds4_select_ordered_limit30,cold,2,0.3980823750025593,,0.0003096196250019905,Small,2026-09-19T22:41:50.863764+00:00
databricks_uc_serverless,parquet,ds4,ds4_select_ordered_limit30,cold,3,0.3561601670226082,,0.0002770134632398064,Small,2026-09-19T22:41:50.863789+00:00
databricks_uc_serverless,parquet,ds4,ds4_select_ordered_limit30,warm,1,0.3557303749839775,,0.0002766791805430936,Small,2026-09-19T22:41:50.863814+00:00
databricks_uc_serverless,parquet,ds4,ds4_select_ordered_limit30,warm,2,0.3653682910371572,,0.0002841753374733444,Small,2026-09-19T22:41:50.863845+00:00
databricks_uc_serverless,parquet,ds4,ds4_select_ordered_limit30,warm,3,0.3403374580084346,,0.00026470691178433805,Small,2026-09-19T22:41:50.863871+00:00
databricks_uc_serverless,parquet,ds5,ds5_select_ordered_limit30,cold,1,1.1029877500259317,,0.0008578793611312802,Small,2026-09-19T22:41:50.863897+00:00
databricks_uc_serverless,parquet,ds5,ds5_select_ordered_limit30,cold,2,0.3485784169752151,,0.0002711165465362784,Small,2026-09-19T22:41:50.863922+00:00
databricks_uc_serverless,parquet,ds5,ds5_select_ordered_limit30,cold,3,0.32447291701100767,,0.00025236782434189485,Small,2026-09-19T22:41:50.863947+00:00
databricks_uc_serverless,parquet,ds5,ds5_select_ordered_limit30,warm,1,0.3308066670433618,,0.00025729407436705915,Small,2026-09-19T22:41:50.863972+00:00
databricks_uc_serverless,parquet,ds5,ds5_select_ordered_limit30,warm,2,0.342958917026408,,0.0002667458243538729,Small,2026-09-19T22:41:50.863997+00:00
databricks_uc_serverless,parquet,ds5,ds5_select_ordered_limit30,warm,3,0.3176115839742124,,0.00024703123197994295,Small,2026-09-19T22:41:50.864021+00:00
databricks_uc_serverless,parquet,ds6,ds6_select_raw_no_cast,cold,1,1.3581517910351977,,0.0010563402819162649,Small,2026-09-19T22:41:50.864047+00:00
databricks_uc_serverless,parquet,ds6,ds6_select_raw_no_cast,cold,2,0.30575970897916704,,0.0002378131069837966,Small,2026-09-19T22:41:50.864072+00:00
databricks_uc_serverless,parquet,ds6,ds6_select_raw_no_cast,cold,3,0.3083324159961194,,0.00023981410133031505,Small,2026-09-19T22:41:50.864096+00:00
databricks_uc_serverless,parquet,ds6,ds6_select_raw_no_cast,warm,1,0.31442045798758045,,0.00024454924510145144,Small,2026-09-19T22:41:50.864122+00:00
databricks_uc_serverless,parquet,ds6,ds6_select_raw_no_cast,warm,2,0.32312749995617196,,0.0002513213888548004,Small,2026-09-19T22:41:50.864146+00:00
databricks_uc_serverless,parquet,ds6,ds6_select_raw_no_cast,warm,3,0.32079845800762996,,0.0002495099117837122,Small,2026-09-19T22:41:50.864171+00:00
databricks_uc_serverless,parquet,ds6,ds6_select_cast,cold,1,1.7804633339983411,,0.001384804815332043,Small,2026-09-19T22:41:50.864196+00:00
databricks_uc_serverless,parquet,ds6,ds6_select_cast,cold,2,0.3371477499604225,,0.0002622260277469953,Small,2026-09-19T22:41:50.864229+00:00
databricks_uc_serverless,parquet,ds6,ds6_select_cast,cold,3,0.31428624998079613,,0.00024444486109617474,Small,2026-09-19T22:41:50.864258+00:00
databricks_uc_serverless,parquet,ds6,ds6_select_cast,warm,1,0.37453495897352695,,0.00029130496809052093,Small,2026-09-19T22:41:50.864284+00:00
databricks_uc_serverless,parquet,ds6,ds6_select_cast,warm,2,0.31520537502365187,,0.000245159736129507,Small,2026-09-19T22:41:50.864308+00:00
databricks_uc_serverless,parquet,ds6,ds6_select_cast,warm,3,0.32007245800923556,,0.0002489452451182943,Small,2026-09-19T22:41:50.864333+00:00
databricks_uc_serverless,parquet,ds7,ds7_select_ordered_limit1m,cold,1,3.2410042080446146,,0.002520781050701367,Small,2026-09-19T22:41:50.864368+00:00
databricks_uc_serverless,parquet,ds7,ds7_select_ordered_limit1m,cold,2,1.1775567500153556,,0.0009158774722341655,Small,2026-09-19T22:41:50.864401+00:00
databricks_uc_serverless,parquet,ds7,ds7_select_ordered_limit1m,cold,3,1.0177074579987675,,0.0007915502451101525,Small,2026-09-19T22:41:50.864455+00:00
databricks_uc_serverless,parquet,ds7,ds7_select_ordered_limit1m,warm,1,0.9562005829648115,,0.0007437115645281868,Small,2026-09-19T22:41:50.864491+00:00
databricks_uc_serverless,parquet,ds7,ds7_select_ordered_limit1m,warm,2,0.9576561250141822,,0.0007448436527888083,Small,2026-09-19T22:41:50.864525+00:00
databricks_uc_serverless,parquet,ds7,ds7_select_ordered_limit1m,warm,3,0.871032208960969,,0.0006774694958585314,Small,2026-09-19T22:41:50.864569+00:00
databricks_uc_serverless,parquet,ds1,ds1_sum_aggregate,cold,1,1.8165592500008643,,0.0014128794166673388,Small,2026-09-19T22:41:50.864606+00:00
databricks_uc_serverless,parquet,ds1,ds1_sum_aggregate,cold,2,0.3915400420082733,,0.00030453114378421254,Small,2026-09-19T22:41:50.864640+00:00
databricks_uc_serverless,parquet,ds1,ds1_sum_aggregate,cold,3,0.3991718749748543,,0.0003104670138693311,Small,2026-09-19T22:41:50.864666+00:00
databricks_uc_serverless,parquet,ds1,ds1_sum_aggregate,warm,1,0.37005149998003617,,0.00028781783331780587,Small,2026-09-19T22:41:50.864691+00:00
databricks_uc_serverless,parquet,ds1,ds1_sum_aggregate,warm,2,0.4083564159809612,,0.0003176105457629698,Small,2026-09-19T22:41:50.864715+00:00
databricks_uc_serverless,parquet,ds1,ds1_sum_aggregate,warm,3,0.3757144999690354,,0.0002922223888648053,Small,2026-09-19T22:41:50.864739+00:00
databricks_uc_serverless,parquet,ds3,ds3_sum_aggregate,cold,1,1.6251929579884745,,0.001264038967324369,Small,2026-09-19T22:41:50.864764+00:00
databricks_uc_serverless,parquet,ds3,ds3_sum_aggregate,cold,2,0.3655072909896262,,0.000284283448547487,Small,2026-09-19T22:41:50.864912+00:00
databricks_uc_serverless,parquet,ds3,ds3_sum_aggregate,cold,3,0.3693700830335729,,0.00028728784235944555,Small,2026-09-19T22:41:50.864940+00:00
databricks_uc_serverless,parquet,ds3,ds3_sum_aggregate,warm,1,0.3783861660049297,,0.00029430035133716753,Small,2026-09-19T22:41:50.864965+00:00
databricks_uc_serverless,parquet,ds3,ds3_sum_aggregate,warm,2,0.38254195800982416,,0.00029753263400764097,Small,2026-09-19T22:41:50.864990+00:00
databricks_uc_serverless,parquet,ds3,ds3_sum_aggregate,warm,3,0.3577113749925047,,0.00027821995832750363,Small,2026-09-19T22:41:50.865014+00:00
databricks_uc_serverless,iceberg,ds1_iceberg,ds1_select_ordered_limit30_iceberg,cold,1,3.4815069579635747,,0.00270783874508278,Small,2026-09-19T22:41:50.865039+00:00
databricks_uc_serverless,iceberg,ds1_iceberg,ds1_select_ordered_limit30_iceberg,cold,2,0.26924070803215727,,0.00020940943958056674,Small,2026-09-19T22:41:50.865075+00:00
databricks_uc_serverless,iceberg,ds1_iceberg,ds1_select_ordered_limit30_iceberg,cold,3,0.2887248329934664,,0.0002245637589949183,Small,2026-09-19T22:41:50.865100+00:00
databricks_uc_serverless,iceberg,ds1_iceberg,ds1_select_ordered_limit30_iceberg,warm,1,0.2738246669759974,,0.00021297474098133128,Small,2026-09-19T22:41:50.865126+00:00
databricks_uc_serverless,iceberg,ds1_iceberg,ds1_select_ordered_limit30_iceberg,warm,2,0.27921875001629815,,0.00021717013890156523,Small,2026-09-19T22:41:50.865151+00:00
databricks_uc_serverless,iceberg,ds1_iceberg,ds1_select_ordered_limit30_iceberg,warm,3,0.27988083398668095,,0.00021768509310075187,Small,2026-09-19T22:41:50.865176+00:00
databricks_uc_serverless,iceberg,ds2_iceberg,ds2_select_ordered_limit30_iceberg,cold,1,1.03853129100753,,0.0008077465596725232,Small,2026-09-19T22:41:50.865201+00:00
databricks_uc_serverless,iceberg,ds2_iceberg,ds2_select_ordered_limit30_iceberg,cold,2,0.2621604999876581,,0.00020390261110151184,Small,2026-09-19T22:41:50.865228+00:00
databricks_uc_serverless,iceberg,ds2_iceberg,ds2_select_ordered_limit30_iceberg,cold,3,0.280372042034287,,0.00021806714380444541,Small,2026-09-19T22:41:50.865253+00:00
databricks_uc_serverless,iceberg,ds2_iceberg,ds2_select_ordered_limit30_iceberg,warm,1,0.27400375000433996,,0.00021311402778115328,Small,2026-09-19T22:41:50.865278+00:00
databricks_uc_serverless,iceberg,ds2_iceberg,ds2_select_ordered_limit30_iceberg,warm,2,0.2710395420435816,,0.00021080853270056345,Small,2026-09-19T22:41:50.865303+00:00
databricks_uc_serverless,iceberg,ds2_iceberg,ds2_select_ordered_limit30_iceberg,warm,3,0.25897604203782976,,0.0002014258104738676,Small,2026-09-19T22:41:50.865328+00:00
databricks_uc_serverless,iceberg,ds3_iceberg,ds3_select_ordered_limit30_iceberg,cold,1,2.317622292030137,,0.0018025951160234397,Small,2026-09-19T22:41:50.865364+00:00
databricks_uc_serverless,iceberg,ds3_iceberg,ds3_select_ordered_limit30_iceberg,cold,2,0.4092485000146553,,0.00031830438890028746,Small,2026-09-19T22:41:50.865391+00:00
databricks_uc_serverless,iceberg,ds3_iceberg,ds3_select_ordered_limit30_iceberg,cold,3,0.24196983297588304,,0.00018819875898124235,Small,2026-09-19T22:41:50.865416+00:00
databricks_uc_serverless,iceberg,ds3_iceberg,ds3_select_ordered_limit30_iceberg,warm,1,0.24644054099917412,,0.00019167597633269097,Small,2026-09-19T22:41:50.865441+00:00
databricks_uc_serverless,iceberg,ds3_iceberg,ds3_select_ordered_limit30_iceberg,warm,2,0.24443237500963733,,0.00019011406945194015,Small,2026-09-19T22:41:50.865475+00:00
databricks_uc_serverless,iceberg,ds3_iceberg,ds3_select_ordered_limit30_iceberg,warm,3,0.25046266603749245,,0.00019480429580693854,Small,2026-09-19T22:41:50.865502+00:00
databricks_uc_serverless,iceberg,ds4_iceberg,ds4_select_ordered_limit30_iceberg,cold,1,2.142411832988728,,0.0016663203145467881,Small,2026-09-19T22:41:50.865527+00:00
databricks_uc_serverless,iceberg,ds4_iceberg,ds4_select_ordered_limit30_iceberg,cold,2,0.2712900420301594,,0.0002110033660234573,Small,2026-09-19T22:41:50.865554+00:00
databricks_uc_serverless,iceberg,ds4_iceberg,ds4_select_ordered_limit30_iceberg,cold,3,0.2465746669913642,,0.0001917802965488388,Small,2026-09-19T22:41:50.865579+00:00
databricks_uc_serverless,iceberg,ds4_iceberg,ds4_select_ordered_limit30_iceberg,warm,1,0.23970883298898116,,0.00018644020343587422,Small,2026-09-19T22:41:50.865612+00:00
databricks_uc_serverless,iceberg,ds4_iceberg,ds4_select_ordered_limit30_iceberg,warm,2,0.24354008299997076,,0.0001894200645555328,Small,2026-09-19T22:41:50.865645+00:00
databricks_uc_serverless,iceberg,ds4_iceberg,ds4_select_ordered_limit30_iceberg,warm,3,0.24181512504583225,,0.00018807843059120285,Small,2026-09-19T22:41:50.865671+00:00
databricks_uc_serverless,iceberg,ds5_iceberg,ds5_select_ordered_limit30_iceberg,cold,1,1.5994110410101712,,0.001243986365230133,Small,2026-09-19T22:41:50.865697+00:00
databricks_uc_serverless,iceberg,ds5_iceberg,ds5_select_ordered_limit30_iceberg,cold,2,0.2732454159995541,,0.00021252421244409765,Small,2026-09-19T22:41:50.865722+00:00
databricks_uc_serverless,iceberg,ds5_iceberg,ds5_select_ordered_limit30_iceberg,cold,3,0.2419772919965908,,0.00018820456044179283,Small,2026-09-19T22:41:50.865747+00:00
databricks_uc_serverless,iceberg,ds5_iceberg,ds5_select_ordered_limit30_iceberg,warm,1,0.24485337501391768,,0.00019044151389971376,Small,2026-09-19T22:41:50.865772+00:00
databricks_uc_serverless,iceberg,ds5_iceberg,ds5_select_ordered_limit30_iceberg,warm,2,0.23687987501034513,,0.00018423990278582398,Small,2026-09-19T22:41:50.865797+00:00
databricks_uc_serverless,iceberg,ds5_iceberg,ds5_select_ordered_limit30_iceberg,warm,3,0.23335933400085196,,0.00018150170422288485,Small,2026-09-19T22:41:50.865822+00:00
databricks_uc_serverless,iceberg,ds6_iceberg,ds6_select_raw_no_cast_iceberg,cold,1,0.7544129160232842,,0.0005867656013514432,Small,2026-09-19T22:41:50.865856+00:00
databricks_uc_serverless,iceberg,ds6_iceberg,ds6_select_raw_no_cast_iceberg,cold,2,0.24422337498981506,,0.00018995151388096724,Small,2026-09-19T22:41:50.865882+00:00
databricks_uc_serverless,iceberg,ds6_iceberg,ds6_select_raw_no_cast_iceberg,cold,3,0.2943312079878524,,0.00022892427287944073,Small,2026-09-19T22:41:50.865907+00:00
databricks_uc_serverless,iceberg,ds6_iceberg,ds6_select_raw_no_cast_iceberg,warm,1,0.23048545804340392,,0.00017926646736709191,Small,2026-09-19T22:41:50.865932+00:00
databricks_uc_serverless,iceberg,ds6_iceberg,ds6_select_raw_no_cast_iceberg,warm,2,0.23545075004221871,,0.00018312836114394788,Small,2026-09-19T22:41:50.865957+00:00
databricks_uc_serverless,iceberg,ds6_iceberg,ds6_select_raw_no_cast_iceberg,warm,3,0.22483341599581763,,0.00017487043466341373,Small,2026-09-19T22:41:50.865982+00:00
databricks_uc_serverless,iceberg,ds6_iceberg,ds6_select_cast_iceberg,cold,1,0.49454833404161036,,0.0003846487042545858,Small,2026-09-19T22:41:50.866047+00:00
databricks_uc_serverless,iceberg,ds6_iceberg,ds6_select_cast_iceberg,cold,2,0.25259995902888477,,0.0001964666348002437,Small,2026-09-19T22:41:50.866075+00:00
databricks_uc_serverless,iceberg,ds6_iceberg,ds6_select_cast_iceberg,cold,3,0.2617686669691466,,0.000203597852087114,Small,2026-09-19T22:41:50.866101+00:00
databricks_uc_serverless,iceberg,ds6_iceberg,ds6_select_cast_iceberg,warm,1,0.24267129198415205,,0.00018874433820989604,Small,2026-09-19T22:41:50.866125+00:00
databricks_uc_serverless,iceberg,ds6_iceberg,ds6_select_cast_iceberg,warm,2,0.24644345801789314,,0.000191678245125028,Small,2026-09-19T22:41:50.866149+00:00
databricks_uc_serverless,iceberg,ds6_iceberg,ds6_select_cast_iceberg,warm,3,0.2419632080127485,,0.0001881936062321377,Small,2026-09-19T22:41:50.866174+00:00
databricks_uc_serverless,iceberg,ds7_iceberg,ds7_select_ordered_limit1m_iceberg,cold,1,2.6183757910039276,,0.002036514504114166,Small,2026-09-19T22:41:50.866241+00:00
databricks_uc_serverless,iceberg,ds7_iceberg,ds7_select_ordered_limit1m_iceberg,cold,2,1.0728546250029467,,0.0008344424861134029,Small,2026-09-19T22:41:50.866302+00:00
databricks_uc_serverless,iceberg,ds7_iceberg,ds7_select_ordered_limit1m_iceberg,cold,3,0.8634103329968639,,0.0006715413701086719,Small,2026-09-19T22:41:50.866425+00:00
databricks_uc_serverless,iceberg,ds7_iceberg,ds7_select_ordered_limit1m_iceberg,warm,1,0.7681207500281744,,0.0005974272500219134,Small,2026-09-19T22:41:50.866475+00:00
databricks_uc_serverless,iceberg,ds7_iceberg,ds7_select_ordered_limit1m_iceberg,warm,2,0.9233160839648917,,0.0007181347319726935,Small,2026-09-19T22:41:50.866534+00:00
databricks_uc_serverless,iceberg,ds7_iceberg,ds7_select_ordered_limit1m_iceberg,warm,3,0.7739001670270227,,0.0006019223521321288,Small,2026-09-19T22:41:50.866570+00:00
databricks_uc_serverless,iceberg,ds1_iceberg,ds1_sum_aggregate_iceberg,cold,1,0.666358583024703,,0.0005182788979081022,Small,2026-09-19T22:41:50.866605+00:00
databricks_uc_serverless,iceberg,ds1_iceberg,ds1_sum_aggregate_iceberg,cold,2,0.3225063330028206,,0.0002508382590021938,Small,2026-09-19T22:41:50.866632+00:00
databricks_uc_serverless,iceberg,ds1_iceberg,ds1_sum_aggregate_iceberg,cold,3,0.2319744999986142,,0.00018042461111003326,Small,2026-09-19T22:41:50.866657+00:00
databricks_uc_serverless,iceberg,ds1_iceberg,ds1_sum_aggregate_iceberg,warm,1,0.2515183329815045,,0.0001956253700967257,Small,2026-09-19T22:41:50.866776+00:00
databricks_uc_serverless,iceberg,ds1_iceberg,ds1_sum_aggregate_iceberg,warm,2,0.23526099999435246,,0.00018298077777338523,Small,2026-09-19T22:41:50.866860+00:00
databricks_uc_serverless,iceberg,ds1_iceberg,ds1_sum_aggregate_iceberg,warm,3,0.22774779197061434,,0.00017713717153270005,Small,2026-09-19T22:41:50.866894+00:00
databricks_uc_serverless,iceberg,ds3_iceberg,ds3_sum_aggregate_iceberg,cold,1,0.5186097499681637,,0.0004033631388641273,Small,2026-09-19T22:41:50.866922+00:00
databricks_uc_serverless,iceberg,ds3_iceberg,ds3_sum_aggregate_iceberg,cold,2,0.23035374999744818,,0.000179164027775793,Small,2026-09-19T22:41:50.866993+00:00
databricks_uc_serverless,iceberg,ds3_iceberg,ds3_sum_aggregate_iceberg,cold,3,0.2441927079926245,,0.00018992766177204125,Small,2026-09-19T22:41:50.867020+00:00
databricks_uc_serverless,iceberg,ds3_iceberg,ds3_sum_aggregate_iceberg,warm,1,0.23316204198636115,,0.00018134825487828087,Small,2026-09-19T22:41:50.867046+00:00
databricks_uc_serverless,iceberg,ds3_iceberg,ds3_sum_aggregate_iceberg,warm,2,0.2700006249942817,,0.00021000048610666353,Small,2026-09-19T22:41:50.867071+00:00
databricks_uc_serverless,iceberg,ds3_iceberg,ds3_sum_aggregate_iceberg,warm,3,0.22278829099377617,,0.00017327978188404813,Small,2026-09-19T22:41:50.867096+00:00
databricks_uc_serverless,parquet,ds9,ds9_cold_count,cold,1,1.864556290965993,,0.0014502104485291055,Small,2026-09-19T22:41:50.867122+00:00
databricks_uc_serverless,parquet,ds9,ds9_cold_count,cold,2,0.47245300002396107,,0.0003674634444630808,Small,2026-09-19T22:41:50.867156+00:00
databricks_uc_serverless,parquet,ds9,ds9_cold_count,cold,3,0.4732778749894351,,0.0003681050138806717,Small,2026-09-19T22:41:50.867181+00:00
databricks_uc_serverless,parquet,ds9,ds9_cold_count,warm,1,0.4496294160489924,,0.0003497117680381052,Small,2026-09-19T22:41:50.867206+00:00
databricks_uc_serverless,parquet,ds9,ds9_cold_count,warm,2,0.4653137919958681,,0.0003619107271078974,Small,2026-09-19T22:41:50.867230+00:00
databricks_uc_serverless,parquet,ds9,ds9_cold_count,warm,3,0.46909424994373694,,0.0003648510832895731,Small,2026-09-19T22:41:50.867254+00:00
databricks_uc_serverless,parquet,ds9,ds9_select_ordered_limit30,cold,1,1.6953777499729767,,0.0013186271388678707,Small,2026-09-19T22:41:50.867278+00:00
databricks_uc_serverless,parquet,ds9,ds9_select_ordered_limit30,cold,2,0.47012050001649186,,0.00036564927779060476,Small,2026-09-19T22:41:50.867303+00:00
databricks_uc_serverless,parquet,ds9,ds9_select_ordered_limit30,cold,3,0.476509416999761,,0.0003706184354442586,Small,2026-09-19T22:41:50.867329+00:00
databricks_uc_serverless,parquet,ds9,ds9_select_ordered_limit30,warm,1,0.4691815419937484,,0.0003649189771062487,Small,2026-09-19T22:41:50.867354+00:00
databricks_uc_serverless,parquet,ds9,ds9_select_ordered_limit30,warm,2,0.47256066696718335,,0.00036754718541892037,Small,2026-09-19T22:41:50.867404+00:00
databricks_uc_serverless,parquet,ds9,ds9_select_ordered_limit30,warm,3,0.48910533398156986,,0.0003804152597634432,Small,2026-09-19T22:41:50.867473+00:00
databricks_uc_serverless,parquet,ds9,ds9_select_ordered_limit30_offset1k,cold,1,1.4462263329769485,,0.0011248427034265154,Small,2026-09-19T22:41:50.867501+00:00
databricks_uc_serverless,parquet,ds9,ds9_select_ordered_limit30_offset1k,cold,2,0.5289237090037204,,0.00041138510700289364,Small,2026-09-19T22:41:50.867564+00:00
databricks_uc_serverless,parquet,ds9,ds9_select_ordered_limit30_offset1k,cold,3,0.6741350410156883,,0.0005243272541233131,Small,2026-09-19T22:41:50.867593+00:00
databricks_uc_serverless,parquet,ds9,ds9_select_ordered_limit30_offset1k,warm,1,0.49955654103541747,,0.0003885439763608802,Small,2026-09-19T22:41:50.867655+00:00
databricks_uc_serverless,parquet,ds9,ds9_select_ordered_limit30_offset1k,warm,2,0.49118545901728794,,0.0003820331347912239,Small,2026-09-19T22:41:50.867685+00:00
databricks_uc_serverless,parquet,ds9,ds9_select_ordered_limit30_offset1k,warm,3,0.5139583749696612,,0.00039974540275418093,Small,2026-09-19T22:41:50.867731+00:00
databricks_uc_serverless,parquet,ds9,ds9_select_ordered_limit30_offset100k,cold,1,1.898853832972236,,0.0014768863145339613,Small,2026-09-19T22:41:50.867777+00:00
databricks_uc_serverless,parquet,ds9,ds9_select_ordered_limit30_offset100k,cold,2,0.7866152919596061,,0.0006118118937463603,Small,2026-09-19T22:41:50.867840+00:00
databricks_uc_serverless,parquet,ds9,ds9_select_ordered_limit30_offset100k,cold,3,0.799373125017155,,0.0006217346527911205,Small,2026-09-19T22:41:50.867974+00:00
databricks_uc_serverless,parquet,ds9,ds9_select_ordered_limit30_offset100k,warm,1,0.9256159579963423,,0.000719923522886044,Small,2026-09-19T22:41:50.868002+00:00
databricks_uc_serverless,parquet,ds9,ds9_select_ordered_limit30_offset100k,warm,2,0.8877306249924004,,0.0006904571527718669,Small,2026-09-19T22:41:50.868028+00:00
databricks_uc_serverless,parquet,ds9,ds9_select_ordered_limit30_offset100k,warm,3,0.8587043749867007,,0.0006678811805452116,Small,2026-09-19T22:41:50.868053+00:00
databricks_uc_serverless,parquet,ds9,ds9_select_ordered_limit30_offset450k,cold,1,1.535853417008184,,0.001194552657673032,Small,2026-09-19T22:41:50.868106+00:00
databricks_uc_serverless,parquet,ds9,ds9_select_ordered_limit30_offset450k,cold,2,0.7798856250010431,,0.0006065777083341446,Small,2026-09-19T22:41:50.868183+00:00
databricks_uc_serverless,parquet,ds9,ds9_select_ordered_limit30_offset450k,cold,3,0.7783294580294751,,0.0006053673562451472,Small,2026-09-19T22:41:50.868210+00:00
databricks_uc_serverless,parquet,ds9,ds9_select_ordered_limit30_offset450k,warm,1,0.7705552089610137,,0.0005993207180807884,Small,2026-09-19T22:41:50.868235+00:00
databricks_uc_serverless,parquet,ds9,ds9_select_ordered_limit30_offset450k,warm,2,0.8177823750302196,,0.0006360529583568374,Small,2026-09-19T22:41:50.868260+00:00
databricks_uc_serverless,parquet,ds9,ds9_select_ordered_limit30_offset450k,warm,3,0.7978574159787968,,0.0006205557679835086,Small,2026-09-19T22:41:50.868291+00:00
databricks_uc_serverless,parquet,ds9,ds9_select_ordered_limit30_wide_sort,cold,1,2.4894489999860525,,0.001936238111100263,Small,2026-09-19T22:41:50.868349+00:00
databricks_uc_serverless,parquet,ds9,ds9_select_ordered_limit30_wide_sort,cold,2,0.8883637079852633,,0.0006909495506552046,Small,2026-09-19T22:41:50.868378+00:00
databricks_uc_serverless,parquet,ds9,ds9_select_ordered_limit30_wide_sort,cold,3,0.8780013340292498,,0.0006828899264671943,Small,2026-09-19T22:41:50.868404+00:00
databricks_uc_serverless,parquet,ds9,ds9_select_ordered_limit30_wide_sort,warm,1,0.8586242079618387,,0.0006678188284147634,Small,2026-09-19T22:41:50.868429+00:00
databricks_uc_serverless,parquet,ds9,ds9_select_ordered_limit30_wide_sort,warm,2,0.7876970419893041,,0.0006126532548805699,Small,2026-09-19T22:41:50.868454+00:00
databricks_uc_serverless,parquet,ds9,ds9_select_ordered_limit30_wide_sort,warm,3,0.842336791974958,,0.0006551508382027451,Small,2026-09-19T22:41:50.868571+00:00
databricks_uc_serverless,parquet,ds9,ds9_select_ordered_limit30_wide_sort_offset1k,cold,1,2.056385209027212,,0.001599410718132276,Small,2026-09-19T22:41:50.868754+00:00
databricks_uc_serverless,parquet,ds9,ds9_select_ordered_limit30_wide_sort_offset1k,cold,2,1.1437403340241872,,0.0008895758153521455,Small,2026-09-19T22:41:50.868961+00:00
databricks_uc_serverless,parquet,ds9,ds9_select_ordered_limit30_wide_sort_offset1k,cold,3,1.1068085000151768,,0.0008608510555673597,Small,2026-09-19T22:41:50.868991+00:00
databricks_uc_serverless,parquet,ds9,ds9_select_ordered_limit30_wide_sort_offset1k,warm,1,1.102249083982315,,0.000857304843097356,Small,2026-09-19T22:41:50.869141+00:00
databricks_uc_serverless,parquet,ds9,ds9_select_ordered_limit30_wide_sort_offset1k,warm,2,1.0982277920120396,,0.0008541771715649196,Small,2026-09-19T22:41:50.869168+00:00
databricks_uc_serverless,parquet,ds9,ds9_select_ordered_limit30_wide_sort_offset1k,warm,3,1.0495575410313904,,0.0008163225319133036,Small,2026-09-19T22:41:50.869194+00:00
databricks_uc_serverless,parquet,ds9,ds9_select_ordered_limit30_wide_sort_offset100k,cold,1,4.359990250028204,,0.003391103527799714,Small,2026-09-19T22:41:50.869220+00:00
databricks_uc_serverless,parquet,ds9,ds9_select_ordered_limit30_wide_sort_offset100k,cold,2,3.476028125034645,,0.002703577430582502,Small,2026-09-19T22:41:50.869260+00:00
databricks_uc_serverless,parquet,ds9,ds9_select_ordered_limit30_wide_sort_offset100k,cold,3,3.1588017499889247,,0.0024568458055469413,Small,2026-09-19T22:41:50.869286+00:00
databricks_uc_serverless,parquet,ds9,ds9_select_ordered_limit30_wide_sort_offset100k,warm,1,3.055594875011593,,0.0023765737916756832,Small,2026-09-19T22:41:50.869311+00:00
databricks_uc_serverless,parquet,ds9,ds9_select_ordered_limit30_wide_sort_offset100k,warm,2,3.0260220000054687,,0.0023535726666709202,Small,2026-09-19T22:41:50.869336+00:00
databricks_uc_serverless,parquet,ds9,ds9_select_ordered_limit30_wide_sort_offset100k,warm,3,3.064369333034847,,0.002383398370138214,Small,2026-09-19T22:41:50.869361+00:00
databricks_uc_serverless,parquet,ds9,ds9_select_ordered_limit30_wide_sort_offset450k,cold,1,3.6401376249850728,,0.0028312181527661677,Small,2026-09-19T22:41:50.869386+00:00
databricks_uc_serverless,parquet,ds9,ds9_select_ordered_limit30_wide_sort_offset450k,cold,2,3.033566125028301,,0.0023594403194664563,Small,2026-09-19T22:41:50.869411+00:00
databricks_uc_serverless,parquet,ds9,ds9_select_ordered_limit30_wide_sort_offset450k,cold,3,3.095357249956578,,0.0024075000832995603,Small,2026-09-19T22:41:50.869436+00:00
databricks_uc_serverless,parquet,ds9,ds9_select_ordered_limit30_wide_sort_offset450k,warm,1,3.5283377920277417,,0.002744262727132688,Small,2026-09-19T22:41:50.869461+00:00
databricks_uc_serverless,parquet,ds9,ds9_select_ordered_limit30_wide_sort_offset450k,warm,2,3.387978375016246,,0.0026350942916793024,Small,2026-09-19T22:41:50.869486+00:00
databricks_uc_serverless,parquet,ds9,ds9_select_ordered_limit30_wide_sort_offset450k,warm,3,3.4087925410130993,,0.002651283087454633,Small,2026-09-19T22:41:50.869511+00:00
databricks_uc_serverless,parquet,ds9,ds9_select_ordered_limit30_wide_sort_1000,cold,1,2.984934542037081,,0.0023216157549177294,Small,2026-09-19T22:41:50.869536+00:00
databricks_uc_serverless,parquet,ds9,ds9_select_ordered_limit30_wide_sort_1000,cold,2,1.5395613340078853,,0.001197436593117244,Small,2026-09-19T22:41:50.869561+00:00
databricks_uc_serverless,parquet,ds9,ds9_select_ordered_limit30_wide_sort_1000,cold,3,1.4964721669675782,,0.0011639227965303386,Small,2026-09-19T22:41:50.869587+00:00
databricks_uc_serverless,parquet,ds9,ds9_select_ordered_limit30_wide_sort_1000,warm,1,1.4250599580118433,,0.0011083799673425447,Small,2026-09-19T22:41:50.869612+00:00
databricks_uc_serverless,parquet,ds9,ds9_select_ordered_limit30_wide_sort_1000,warm,2,1.4592497499543242,,0.001134972027742252,Small,2026-09-19T22:41:50.869637+00:00
databricks_uc_serverless,parquet,ds9,ds9_select_ordered_limit30_wide_sort_1000,warm,3,1.5458346669911407,,0.0012023158521042205,Small,2026-09-19T22:41:50.869694+00:00
databricks_uc_serverless,parquet,ds9,ds9_select_ordered_limit30_wide_sort_1000_offset1k,cold,1,4.207441625010688,,0.0032724545972305347,Small,2026-09-19T22:41:50.869721+00:00
databricks_uc_serverless,parquet,ds9,ds9_select_ordered_limit30_wide_sort_1000_offset1k,cold,2,2.4517510420409963,,0.001906917477142997,Small,2026-09-19T22:41:50.869746+00:00
databricks_uc_serverless,parquet,ds9,ds9_select_ordered_limit30_wide_sort_1000_offset1k,cold,3,2.3936818329966627,,0.001861752536775182,Small,2026-09-19T22:41:50.869782+00:00
databricks_uc_serverless,parquet,ds9,ds9_select_ordered_limit30_wide_sort_1000_offset1k,warm,1,2.1178865840192884,,0.001647245120903891,Small,2026-09-19T22:41:50.869809+00:00
databricks_uc_serverless,parquet,ds9,ds9_select_ordered_limit30_wide_sort_1000_offset1k,warm,2,2.078536292014178,,0.0016166393382332491,Small,2026-09-19T22:41:50.869834+00:00
databricks_uc_serverless,parquet,ds9,ds9_select_ordered_limit30_wide_sort_1000_offset1k,warm,3,2.2281518329982646,,0.0017330069812208724,Small,2026-09-19T22:41:50.869860+00:00
databricks_uc_serverless,parquet,ds9,ds9_select_ordered_limit30_wide_sort_1000_offset100k,cold,1,13.286732166947331,,0.010334125018736812,Small,2026-09-19T22:41:50.869895+00:00
databricks_uc_serverless,parquet,ds9,ds9_select_ordered_limit30_wide_sort_1000_offset100k,cold,2,12.572535250044893,,0.009778638527812694,Small,2026-09-19T22:41:50.869922+00:00
databricks_uc_serverless,parquet,ds9,ds9_select_ordered_limit30_wide_sort_1000_offset100k,cold,3,12.47867874999065,,0.009705639027770503,Small,2026-09-19T22:41:50.869948+00:00
databricks_uc_serverless,parquet,ds9,ds9_select_ordered_limit30_wide_sort_1000_offset100k,warm,1,14.305976832984015,,0.011126870870098678,Small,2026-09-19T22:41:50.869973+00:00
databricks_uc_serverless,parquet,ds9,ds9_select_ordered_limit30_wide_sort_1000_offset100k,warm,2,12.74201670801267,,0.00991045743956541,Small,2026-09-19T22:41:50.869999+00:00
databricks_uc_serverless,parquet,ds9,ds9_select_ordered_limit30_wide_sort_1000_offset100k,warm,3,12.132899084012024,,0.009436699287564907,Small,2026-09-19T22:41:50.870024+00:00
databricks_uc_serverless,parquet,ds9,ds9_select_ordered_limit30_wide_sort_1000_offset450k,cold,1,12.701502042007633,,0.009878946032672602,Small,2026-09-19T22:41:50.870050+00:00
databricks_uc_serverless,parquet,ds9,ds9_select_ordered_limit30_wide_sort_1000_offset450k,cold,2,11.964431500004139,,0.009305668944447664,Small,2026-09-19T22:41:50.870093+00:00
databricks_uc_serverless,parquet,ds9,ds9_select_ordered_limit30_wide_sort_1000_offset450k,cold,3,11.930302417022176,,0.009279124102128358,Small,2026-09-19T22:41:50.870121+00:00
databricks_uc_serverless,parquet,ds9,ds9_select_ordered_limit30_wide_sort_1000_offset450k,warm,1,12.161324458022136,,0.009458807911794993,Small,2026-09-19T22:41:50.870147+00:00
databricks_uc_serverless,parquet,ds9,ds9_select_ordered_limit30_wide_sort_1000_offset450k,warm,2,11.581141749978997,,0.009007554694428108,Small,2026-09-19T22:41:50.870250+00:00
databricks_uc_serverless,parquet,ds9,ds9_select_ordered_limit30_wide_sort_1000_offset450k,warm,3,11.74776950001251,,0.009137154055565285,Small,2026-09-19T22:41:50.870309+00:00
databricks_uc_serverless,parquet,ds9,ds9_sum_aggregate,cold,1,1.7486935000051744,,0.001360094944448469,Small,2026-09-19T22:41:50.870370+00:00
databricks_uc_serverless,parquet,ds9,ds9_sum_aggregate,cold,2,0.5028809580253437,,0.0003911296340197117,Small,2026-09-19T22:41:50.870397+00:00
databricks_uc_serverless,parquet,ds9,ds9_sum_aggregate,cold,3,0.5230177079793066,,0.00040679155065057173,Small,2026-09-19T22:41:50.870422+00:00
databricks_uc_serverless,parquet,ds9,ds9_sum_aggregate,warm,1,0.44474070897558704,,0.00034590944031434546,Small,2026-09-19T22:41:50.870446+00:00
databricks_uc_serverless,parquet,ds9,ds9_sum_aggregate,warm,2,0.4536913750343956,,0.0003528710694711965,Small,2026-09-19T22:41:50.870553+00:00
databricks_uc_serverless,parquet,ds9,ds9_sum_aggregate,warm,3,0.44840766699053347,,0.0003487615187704149,Small,2026-09-19T22:41:50.870580+00:00
databricks_uc_serverless,parquet,ds9,ds9_sum_aggregate_offset1k,cold,1,1.529074959049467,,0.001189280523705141,Small,2026-09-19T22:41:50.870613+00:00
databricks_uc_serverless,parquet,ds9,ds9_sum_aggregate_offset1k,cold,2,0.502545875031501,,0.0003908690139133897,Small,2026-09-19T22:41:50.870639+00:00
databricks_uc_serverless,parquet,ds9,ds9_sum_aggregate_offset1k,cold,3,0.3189419169793837,,0.00024806593542840954,Small,2026-09-19T22:41:50.870708+00:00
databricks_uc_serverless,parquet,ds9,ds9_sum_aggregate_offset1k,warm,1,0.31670495797879994,,0.0002463260784279555,Small,2026-09-19T22:41:50.870746+00:00
databricks_uc_serverless,parquet,ds9,ds9_sum_aggregate_offset1k,warm,2,0.30924858298385516,,0.00024052667565410953,Small,2026-09-19T22:41:50.870805+00:00
databricks_uc_serverless,parquet,ds9,ds9_sum_aggregate_offset1k,warm,3,0.3221464170492254,,0.00025055832437161974,Small,2026-09-19T22:41:50.870834+00:00
databricks_uc_serverless,parquet,ds9,ds9_sum_aggregate_offset100k,cold,1,1.0989045840105973,,0.0008547035653415757,Small,2026-09-19T22:41:50.870860+00:00
databricks_uc_serverless,parquet,ds9,ds9_sum_aggregate_offset100k,cold,2,0.3590894170338288,,0.000279291768804089,Small,2026-09-19T22:41:50.870886+00:00
databricks_uc_serverless,parquet,ds9,ds9_sum_aggregate_offset100k,cold,3,0.3135955419857055,,0.0002439076437666598,Small,2026-09-19T22:41:50.870911+00:00
databricks_uc_serverless,parquet,ds9,ds9_sum_aggregate_offset100k,warm,1,0.485339208971709,,0.0003774860514224403,Small,2026-09-19T22:41:50.870936+00:00
databricks_uc_serverless,parquet,ds9,ds9_sum_aggregate_offset100k,warm,2,0.31515045795822516,,0.0002451170228563974,Small,2026-09-19T22:41:50.870960+00:00
databricks_uc_serverless,parquet,ds9,ds9_sum_aggregate_offset100k,warm,3,0.313932457996998,,0.00024416968955322065,Small,2026-09-19T22:41:50.870985+00:00
databricks_uc_serverless,parquet,ds9,ds9_sum_aggregate_offset450k,cold,1,1.5597665410023183,,0.0012131517541129142,Small,2026-09-19T22:41:50.871010+00:00
databricks_uc_serverless,parquet,ds9,ds9_sum_aggregate_offset450k,cold,2,0.33755479200044647,,0.00026254261600034724,Small,2026-09-19T22:41:50.871035+00:00
databricks_uc_serverless,parquet,ds9,ds9_sum_aggregate_offset450k,cold,3,0.3082309999736026,,0.0002397352222016909,Small,2026-09-19T22:41:50.871060+00:00
databricks_uc_serverless,parquet,ds9,ds9_sum_aggregate_offset450k,warm,1,0.30999116599559784,,0.0002411042402187983,Small,2026-09-19T22:41:50.871085+00:00
databricks_uc_serverless,parquet,ds9,ds9_sum_aggregate_offset450k,warm,2,0.3152931670192629,,0.00024522801879276,Small,2026-09-19T22:41:50.871110+00:00
databricks_uc_serverless,parquet,ds9,ds9_sum_aggregate_offset450k,warm,3,0.31073670799378306,,0.0002416841062173868,Small,2026-09-19T22:41:50.871135+00:00
databricks_uc_serverless,parquet,ds9,ds9_column_pruning_select,cold,1,1.5198639590526,,0.0011821164125964665,Small,2026-09-19T22:41:50.871160+00:00
databricks_uc_serverless,parquet,ds9,ds9_column_pruning_select,cold,2,0.434760624950286,,0.0003381471527391113,Small,2026-09-19T22:41:50.871184+00:00
databricks_uc_serverless,parquet,ds9,ds9_column_pruning_select,cold,3,0.3875723750097677,,0.00030144518056315266,Small,2026-09-19T22:41:50.871209+00:00
databricks_uc_serverless,parquet,ds9,ds9_column_pruning_select,warm,1,0.40434779098723084,,0.00031449272632340174,Small,2026-09-19T22:41:50.871234+00:00
databricks_uc_serverless,parquet,ds9,ds9_column_pruning_select,warm,2,0.38418774999445304,,0.0002988126944401301,Small,2026-09-19T22:41:50.871258+00:00
databricks_uc_serverless,parquet,ds9,ds9_column_pruning_select,warm,3,0.37177349999547005,,0.00028915716666314337,Small,2026-09-19T22:41:50.871283+00:00
databricks_uc_serverless,parquet,ds9,ds9_aggregate_far_columns,cold,1,1.8987487090053037,,0.0014768045514485693,Small,2026-09-19T22:41:50.871477+00:00
databricks_uc_serverless,parquet,ds9,ds9_aggregate_far_columns,cold,2,0.489447916042991,,0.0003806817124778819,Small,2026-09-19T22:41:50.871509+00:00
databricks_uc_serverless,parquet,ds9,ds9_aggregate_far_columns,cold,3,0.4579313329886645,,0.00035616881454673905,Small,2026-09-19T22:41:50.871534+00:00
databricks_uc_serverless,parquet,ds9,ds9_aggregate_far_columns,warm,1,0.42485549999400973,,0.0003304431666620075,Small,2026-09-19T22:41:50.871559+00:00
databricks_uc_serverless,parquet,ds9,ds9_aggregate_far_columns,warm,2,0.4397950420388952,,0.00034206281047469627,Small,2026-09-19T22:41:50.871583+00:00
databricks_uc_serverless,parquet,ds9,ds9_aggregate_far_columns,warm,3,0.43726366700138897,,0.0003400939632233025,Small,2026-09-19T22:41:50.871608+00:00
databricks_uc_serverless,iceberg,ds9_iceberg,ds9_cold_count_iceberg,cold,1,0.7757360000396147,,0.0006033502222530336,Small,2026-09-19T22:41:50.871633+00:00
databricks_uc_serverless,iceberg,ds9_iceberg,ds9_cold_count_iceberg,cold,2,0.34712500002933666,,0.0002699861111339285,Small,2026-09-19T22:41:50.871659+00:00
databricks_uc_serverless,iceberg,ds9_iceberg,ds9_cold_count_iceberg,cold,3,0.2986745829693973,,0.00023230245342064235,Small,2026-09-19T22:41:50.871685+00:00
databricks_uc_serverless,iceberg,ds9_iceberg,ds9_cold_count_iceberg,warm,1,0.31374241603771225,,0.00024402187914044284,Small,2026-09-19T22:41:50.871710+00:00
databricks_uc_serverless,iceberg,ds9_iceberg,ds9_cold_count_iceberg,warm,2,0.32009841699618846,,0.00024896543544147994,Small,2026-09-19T22:41:50.871735+00:00
databricks_uc_serverless,iceberg,ds9_iceberg,ds9_cold_count_iceberg,warm,3,0.30928195803426206,,0.00024055263402664826,Small,2026-09-19T22:41:50.871760+00:00
databricks_uc_serverless,iceberg,ds9_iceberg,ds9_select_ordered_limit30_iceberg,cold,1,2.7286239999812096,,0.0021222631110964963,Small,2026-09-19T22:41:50.871785+00:00
databricks_uc_serverless,iceberg,ds9_iceberg,ds9_select_ordered_limit30_iceberg,cold,2,0.5925750000169501,,0.00046089166667985005,Small,2026-09-19T22:41:50.871810+00:00
databricks_uc_serverless,iceberg,ds9_iceberg,ds9_select_ordered_limit30_iceberg,cold,3,0.3742967909784056,,0.0002911197263165377,Small,2026-09-19T22:41:50.871836+00:00
databricks_uc_serverless,iceberg,ds9_iceberg,ds9_select_ordered_limit30_iceberg,warm,1,0.443543832981959,,0.0003449785367637459,Small,2026-09-19T22:41:50.871861+00:00
databricks_uc_serverless,iceberg,ds9_iceberg,ds9_select_ordered_limit30_iceberg,warm,2,0.3242423330084421,,0.00025218848122878824,Small,2026-09-19T22:41:50.871886+00:00
databricks_uc_serverless,iceberg,ds9_iceberg,ds9_select_ordered_limit30_iceberg,warm,3,0.3371022500214167,,0.0002621906389055463,Small,2026-09-19T22:41:50.871911+00:00
databricks_uc_serverless,iceberg,ds9_iceberg,ds9_select_ordered_limit30_iceberg_offset1k,cold,1,0.8439357500174083,,0.0006563944722357619,Small,2026-09-19T22:41:50.871936+00:00
databricks_uc_serverless,iceberg,ds9_iceberg,ds9_select_ordered_limit30_iceberg_offset1k,cold,2,0.34545966697623953,,0.00026869085209263075,Small,2026-09-19T22:41:50.871962+00:00
databricks_uc_serverless,iceberg,ds9_iceberg,ds9_select_ordered_limit30_iceberg_offset1k,cold,3,0.35959425003966317,,0.0002796844166975158,Small,2026-09-19T22:41:50.871987+00:00
databricks_uc_serverless,iceberg,ds9_iceberg,ds9_select_ordered_limit30_iceberg_offset1k,warm,1,0.37445383303565904,,0.00029124187013884593,Small,2026-09-19T22:41:50.872013+00:00
databricks_uc_serverless,iceberg,ds9_iceberg,ds9_select_ordered_limit30_iceberg_offset1k,warm,2,0.33985712501453236,,0.0002643333194557474,Small,2026-09-19T22:41:50.872038+00:00
databricks_uc_serverless,iceberg,ds9_iceberg,ds9_select_ordered_limit30_iceberg_offset1k,warm,3,0.32855741697130725,,0.0002555446576443501,Small,2026-09-19T22:41:50.872063+00:00
databricks_uc_serverless,iceberg,ds9_iceberg,ds9_select_ordered_limit30_iceberg_offset100k,cold,1,1.1358444160432555,,0.0008834345458114209,Small,2026-09-19T22:41:50.872089+00:00
databricks_uc_serverless,iceberg,ds9_iceberg,ds9_select_ordered_limit30_iceberg_offset100k,cold,2,0.40107262501260266,,0.00031194537500980207,Small,2026-09-19T22:41:50.872684+00:00
databricks_uc_serverless,iceberg,ds9_iceberg,ds9_select_ordered_limit30_iceberg_offset100k,cold,3,0.33880291698733345,,0.00026351337987903713,Small,2026-09-19T22:41:50.872718+00:00
databricks_uc_serverless,iceberg,ds9_iceberg,ds9_select_ordered_limit30_iceberg_offset100k,warm,1,0.4311846250202507,,0.00033536581946019497,Small,2026-09-19T22:41:50.872744+00:00
databricks_uc_serverless,iceberg,ds9_iceberg,ds9_select_ordered_limit30_iceberg_offset100k,warm,2,0.3467517500394024,,0.0002696958055862019,Small,2026-09-19T22:41:50.872770+00:00
databricks_uc_serverless,iceberg,ds9_iceberg,ds9_select_ordered_limit30_iceberg_offset100k,warm,3,0.33390537498053163,,0.0002597041805404135,Small,2026-09-19T22:41:50.872812+00:00
databricks_uc_serverless,iceberg,ds9_iceberg,ds9_select_ordered_limit30_iceberg_offset450k,cold,1,1.004364791966509,,0.0007811726159739514,Small,2026-09-19T22:41:50.872841+00:00
databricks_uc_serverless,iceberg,ds9_iceberg,ds9_select_ordered_limit30_iceberg_offset450k,cold,2,0.5386934999842197,,0.0004189838333210597,Small,2026-09-19T22:41:50.872867+00:00
databricks_uc_serverless,iceberg,ds9_iceberg,ds9_select_ordered_limit30_iceberg_offset450k,cold,3,0.35503679199609905,,0.00027613972710807704,Small,2026-09-19T22:41:50.872971+00:00
databricks_uc_serverless,iceberg,ds9_iceberg,ds9_select_ordered_limit30_iceberg_offset450k,warm,1,0.34875462495256215,,0.0002712535971853261,Small,2026-09-19T22:41:50.873028+00:00
databricks_uc_serverless,iceberg,ds9_iceberg,ds9_select_ordered_limit30_iceberg_offset450k,warm,2,0.33663512498605996,,0.00026182731943360214,Small,2026-09-19T22:41:50.873059+00:00
databricks_uc_serverless,iceberg,ds9_iceberg,ds9_select_ordered_limit30_iceberg_offset450k,warm,3,0.33684283401817083,,0.00026198887090302174,Small,2026-09-19T22:41:50.873086+00:00
databricks_uc_serverless,iceberg,ds9_iceberg,ds9_select_ordered_limit30_wide_sort_iceberg,cold,1,2.479964958038181,,0.0019288616340296964,Small,2026-09-19T22:41:50.873113+00:00
databricks_uc_serverless,iceberg,ds9_iceberg,ds9_select_ordered_limit30_wide_sort_iceberg,cold,2,0.5931839579716325,,0.000461365300644603,Small,2026-09-19T22:41:50.873140+00:00
databricks_uc_serverless,iceberg,ds9_iceberg,ds9_select_ordered_limit30_wide_sort_iceberg,cold,3,0.4961669580079615,,0.0003859076340061922,Small,2026-09-19T22:41:50.873188+00:00
databricks_uc_serverless,iceberg,ds9_iceberg,ds9_select_ordered_limit30_wide_sort_iceberg,warm,1,0.7250782500486821,,0.0005639497500378639,Small,2026-09-19T22:41:50.873216+00:00
databricks_uc_serverless,iceberg,ds9_iceberg,ds9_select_ordered_limit30_wide_sort_iceberg,warm,2,0.48736879194620997,,0.0003790646159581633,Small,2026-09-19T22:41:50.873242+00:00
databricks_uc_serverless,iceberg,ds9_iceberg,ds9_select_ordered_limit30_wide_sort_iceberg,warm,3,0.47579558403231204,,0.0003700632320251316,Small,2026-09-19T22:41:50.873268+00:00
databricks_uc_serverless,iceberg,ds9_iceberg,ds9_select_ordered_limit30_wide_sort_iceberg_offset1k,cold,1,1.163734416011721,,0.0009051267680091162,Small,2026-09-19T22:41:50.873294+00:00
databricks_uc_serverless,iceberg,ds9_iceberg,ds9_select_ordered_limit30_wide_sort_iceberg_offset1k,cold,2,0.5117472910205834,,0.000398025670793787,Small,2026-09-19T22:41:50.873326+00:00
databricks_uc_serverless,iceberg,ds9_iceberg,ds9_select_ordered_limit30_wide_sort_iceberg_offset1k,cold,3,0.6478269170038402,,0.0005038653798918757,Small,2026-09-19T22:41:50.873354+00:00
databricks_uc_serverless,iceberg,ds9_iceberg,ds9_select_ordered_limit30_wide_sort_iceberg_offset1k,warm,1,0.45336004201089963,,0.0003526133660084774,Small,2026-09-19T22:41:50.873454+00:00
databricks_uc_serverless,iceberg,ds9_iceberg,ds9_select_ordered_limit30_wide_sort_iceberg_offset1k,warm,2,0.4542117500095628,,0.00035327580556299327,Small,2026-09-19T22:41:50.873484+00:00
databricks_uc_serverless,iceberg,ds9_iceberg,ds9_select_ordered_limit30_wide_sort_iceberg_offset1k,warm,3,0.4502347079687752,,0.0003501825506423807,Small,2026-09-19T22:41:50.873510+00:00
databricks_uc_serverless,iceberg,ds9_iceberg,ds9_select_ordered_limit30_wide_sort_iceberg_offset100k,cold,1,3.022875208000187,,0.002351125161777923,Small,2026-09-19T22:41:50.873536+00:00
databricks_uc_serverless,iceberg,ds9_iceberg,ds9_select_ordered_limit30_wide_sort_iceberg_offset100k,cold,2,0.7402068329975009,,0.0005757164256647229,Small,2026-09-19T22:41:50.873563+00:00
databricks_uc_serverless,iceberg,ds9_iceberg,ds9_select_ordered_limit30_wide_sort_iceberg_offset100k,cold,3,0.5128197920275852,,0.0003988598382436774,Small,2026-09-19T22:41:50.873589+00:00
databricks_uc_serverless,iceberg,ds9_iceberg,ds9_select_ordered_limit30_wide_sort_iceberg_offset100k,warm,1,0.5143400829983875,,0.00040004228677652357,Small,2026-09-19T22:41:50.873615+00:00
databricks_uc_serverless,iceberg,ds9_iceberg,ds9_select_ordered_limit30_wide_sort_iceberg_offset100k,warm,2,0.47344245796557516,,0.000368233022862114,Small,2026-09-19T22:41:50.873641+00:00
databricks_uc_serverless,iceberg,ds9_iceberg,ds9_select_ordered_limit30_wide_sort_iceberg_offset100k,warm,3,0.5052639589994214,,0.0003929830792217722,Small,2026-09-19T22:41:50.873676+00:00
databricks_uc_serverless,iceberg,ds9_iceberg,ds9_select_ordered_limit30_wide_sort_iceberg_offset450k,cold,1,3.133475415990688,,0.002437147545770535,Small,2026-09-19T22:41:50.873704+00:00
databricks_uc_serverless,iceberg,ds9_iceberg,ds9_select_ordered_limit30_wide_sort_iceberg_offset450k,cold,2,0.5690905419760384,,0.00044262597709247424,Small,2026-09-19T22:41:50.873731+00:00
databricks_uc_serverless,iceberg,ds9_iceberg,ds9_select_ordered_limit30_wide_sort_iceberg_offset450k,cold,3,0.4810032910318114,,0.00037411367080251995,Small,2026-09-19T22:41:50.873757+00:00
databricks_uc_serverless,iceberg,ds9_iceberg,ds9_select_ordered_limit30_wide_sort_iceberg_offset450k,warm,1,0.5386620000354014,,0.00041895933336086777,Small,2026-09-19T22:41:50.873784+00:00
databricks_uc_serverless,iceberg,ds9_iceberg,ds9_select_ordered_limit30_wide_sort_iceberg_offset450k,warm,2,0.4922412079758942,,0.00038285427287013997,Small,2026-09-19T22:41:50.873810+00:00
databricks_uc_serverless,iceberg,ds9_iceberg,ds9_select_ordered_limit30_wide_sort_iceberg_offset450k,warm,3,0.49499312503030524,,0.0003849946528013485,Small,2026-09-19T22:41:50.873836+00:00
databricks_uc_serverless,iceberg,ds9_iceberg,ds9_select_ordered_limit30_wide_sort_1000_iceberg,cold,1,5.235081541992258,,0.004071730088216201,Small,2026-09-19T22:41:50.873863+00:00
databricks_uc_serverless,iceberg,ds9_iceberg,ds9_select_ordered_limit30_wide_sort_1000_iceberg,cold,2,0.7332073749857955,,0.0005702724027667298,Small,2026-09-19T22:41:50.873888+00:00
databricks_uc_serverless,iceberg,ds9_iceberg,ds9_select_ordered_limit30_wide_sort_1000_iceberg,cold,3,0.9137334169936366,,0.0007106815465506063,Small,2026-09-19T22:41:50.873914+00:00
databricks_uc_serverless,iceberg,ds9_iceberg,ds9_select_ordered_limit30_wide_sort_1000_iceberg,warm,1,0.7685885000391863,,0.0005977910555860338,Small,2026-09-19T22:41:50.873940+00:00
databricks_uc_serverless,iceberg,ds9_iceberg,ds9_select_ordered_limit30_wide_sort_1000_iceberg,warm,2,0.7190492500085384,,0.0005592605277844187,Small,2026-09-19T22:41:50.874024+00:00
databricks_uc_serverless,iceberg,ds9_iceberg,ds9_select_ordered_limit30_wide_sort_1000_iceberg,warm,3,0.7212505420320667,,0.0005609726438027186,Small,2026-09-19T22:41:50.874150+00:00
databricks_uc_serverless,iceberg,ds9_iceberg,ds9_select_ordered_limit30_wide_sort_1000_iceberg_offset1k,cold,1,2.7466267079580575,,0.0021362652173007113,Small,2026-09-19T22:41:50.874179+00:00
databricks_uc_serverless,iceberg,ds9_iceberg,ds9_select_ordered_limit30_wide_sort_1000_iceberg_offset1k,cold,2,0.7640567080234177,,0.0005942663284626582,Small,2026-09-19T22:41:50.874206+00:00
databricks_uc_serverless,iceberg,ds9_iceberg,ds9_select_ordered_limit30_wide_sort_1000_iceberg_offset1k,cold,3,0.683800374972634,,0.0005318447360898264,Small,2026-09-19T22:41:50.874233+00:00
databricks_uc_serverless,iceberg,ds9_iceberg,ds9_select_ordered_limit30_wide_sort_1000_iceberg_offset1k,warm,1,0.6618821249576285,,0.0005147972083003777,Small,2026-09-19T22:41:50.874373+00:00
databricks_uc_serverless,iceberg,ds9_iceberg,ds9_select_ordered_limit30_wide_sort_1000_iceberg_offset1k,warm,2,0.781712832977064,,0.000607998870093272,Small,2026-09-19T22:41:50.875706+00:00
databricks_uc_serverless,iceberg,ds9_iceberg,ds9_select_ordered_limit30_wide_sort_1000_iceberg_offset1k,warm,3,0.6722939169849269,,0.0005228952687660542,Small,2026-09-19T22:41:50.875754+00:00
databricks_uc_serverless,iceberg,ds9_iceberg,ds9_select_ordered_limit30_wide_sort_1000_iceberg_offset100k,cold,1,12.29563595901709,,0.009563272412568848,Small,2026-09-19T22:41:50.875783+00:00
databricks_uc_serverless,iceberg,ds9_iceberg,ds9_select_ordered_limit30_wide_sort_1000_iceberg_offset100k,cold,2,0.8618546659708954,,0.000670331406866252,Small,2026-09-19T22:41:50.875810+00:00
databricks_uc_serverless,iceberg,ds9_iceberg,ds9_select_ordered_limit30_wide_sort_1000_iceberg_offset100k,cold,3,0.733687459025532,,0.0005706458014643026,Small,2026-09-19T22:41:50.875837+00:00
databricks_uc_serverless,iceberg,ds9_iceberg,ds9_select_ordered_limit30_wide_sort_1000_iceberg_offset100k,warm,1,0.6490784999914467,,0.0005048388333266807,Small,2026-09-19T22:41:50.875863+00:00
databricks_uc_serverless,iceberg,ds9_iceberg,ds9_select_ordered_limit30_wide_sort_1000_iceberg_offset100k,warm,2,0.6736372080049478,,0.0005239400506705149,Small,2026-09-19T22:41:50.875890+00:00
databricks_uc_serverless,iceberg,ds9_iceberg,ds9_select_ordered_limit30_wide_sort_1000_iceberg_offset100k,warm,3,0.9500997500144877,,0.0007389664722334905,Small,2026-09-19T22:41:50.875916+00:00
databricks_uc_serverless,iceberg,ds9_iceberg,ds9_select_ordered_limit30_wide_sort_1000_iceberg_offset450k,cold,1,12.516360541980248,,0.00973494708820686,Small,2026-09-19T22:41:50.875943+00:00
databricks_uc_serverless,iceberg,ds9_iceberg,ds9_select_ordered_limit30_wide_sort_1000_iceberg_offset450k,cold,2,0.9455190409789793,,0.0007354036985392061,Small,2026-09-19T22:41:50.875969+00:00
databricks_uc_serverless,iceberg,ds9_iceberg,ds9_select_ordered_limit30_wide_sort_1000_iceberg_offset450k,cold,3,0.7483834999729879,,0.0005820760555345461,Small,2026-09-19T22:41:50.875995+00:00
databricks_uc_serverless,iceberg,ds9_iceberg,ds9_select_ordered_limit30_wide_sort_1000_iceberg_offset450k,warm,1,0.6946179579827003,,0.0005402584117643225,Small,2026-09-19T22:41:50.876021+00:00
databricks_uc_serverless,iceberg,ds9_iceberg,ds9_select_ordered_limit30_wide_sort_1000_iceberg_offset450k,warm,2,0.6401220829575323,,0.0004978727311891917,Small,2026-09-19T22:41:50.876048+00:00
databricks_uc_serverless,iceberg,ds9_iceberg,ds9_select_ordered_limit30_wide_sort_1000_iceberg_offset450k,warm,3,0.6673497500014491,,0.0005190498055566826,Small,2026-09-19T22:41:50.876074+00:00
databricks_uc_serverless,iceberg,ds9_iceberg,ds9_sum_aggregate_iceberg,cold,1,0.708608707995154,,0.0005511401062184531,Small,2026-09-19T22:41:50.876106+00:00
databricks_uc_serverless,iceberg,ds9_iceberg,ds9_sum_aggregate_iceberg,cold,2,0.35201937501551583,,0.00027379284723429007,Small,2026-09-19T22:41:50.876132+00:00
databricks_uc_serverless,iceberg,ds9_iceberg,ds9_sum_aggregate_iceberg,cold,3,0.32905116595793515,,0.00025592868463394957,Small,2026-09-19T22:41:50.876158+00:00
databricks_uc_serverless,iceberg,ds9_iceberg,ds9_sum_aggregate_iceberg,warm,1,0.31967741705011576,,0.0002486379910389789,Small,2026-09-19T22:41:50.876183+00:00
databricks_uc_serverless,iceberg,ds9_iceberg,ds9_sum_aggregate_iceberg,warm,2,0.4462804580107331,,0.0003471070228972368,Small,2026-09-19T22:41:50.876209+00:00
databricks_uc_serverless,iceberg,ds9_iceberg,ds9_sum_aggregate_iceberg,warm,3,0.3293869160115719,,0.0002561898235645559,Small,2026-09-19T22:41:50.876233+00:00
databricks_uc_serverless,iceberg,ds9_iceberg,ds9_sum_aggregate_iceberg_offset1k,cold,1,0.4965985000017099,,0.00038624327777910764,Small,2026-09-19T22:41:50.876535+00:00
databricks_uc_serverless,iceberg,ds9_iceberg,ds9_sum_aggregate_iceberg_offset1k,cold,2,0.3227643330465071,,0.00025103892570283885,Small,2026-09-19T22:41:50.876964+00:00
databricks_uc_serverless,iceberg,ds9_iceberg,ds9_sum_aggregate_iceberg_offset1k,cold,3,0.3251695830258541,,0.00025290967568677536,Small,2026-09-19T22:41:50.876994+00:00
databricks_uc_serverless,iceberg,ds9_iceberg,ds9_sum_aggregate_iceberg_offset1k,warm,1,0.31318562501110137,,0.0002435888194530788,Small,2026-09-19T22:41:50.877022+00:00
databricks_uc_serverless,iceberg,ds9_iceberg,ds9_sum_aggregate_iceberg_offset1k,warm,2,0.316297166980803,,0.00024600890765173565,Small,2026-09-19T22:41:50.877048+00:00
databricks_uc_serverless,iceberg,ds9_iceberg,ds9_sum_aggregate_iceberg_offset1k,warm,3,0.326367333997041,,0.0002538412597754763,Small,2026-09-19T22:41:50.877073+00:00
databricks_uc_serverless,iceberg,ds9_iceberg,ds9_sum_aggregate_iceberg_offset100k,cold,1,0.49603287503123283,,0.0003858033472465144,Small,2026-09-19T22:41:50.877099+00:00
databricks_uc_serverless,iceberg,ds9_iceberg,ds9_sum_aggregate_iceberg_offset100k,cold,2,0.38324895803816617,,0.00029808252291857365,Small,2026-09-19T22:41:50.877125+00:00
databricks_uc_serverless,iceberg,ds9_iceberg,ds9_sum_aggregate_iceberg_offset100k,cold,3,0.32733979204203933,,0.00025459761603269725,Small,2026-09-19T22:41:50.877150+00:00
databricks_uc_serverless,iceberg,ds9_iceberg,ds9_sum_aggregate_iceberg_offset100k,warm,1,0.3321742920088582,,0.00025835778267355636,Small,2026-09-19T22:41:50.877176+00:00
databricks_uc_serverless,iceberg,ds9_iceberg,ds9_sum_aggregate_iceberg_offset100k,warm,2,0.32968500000424683,,0.0002564216666699697,Small,2026-09-19T22:41:50.877210+00:00
databricks_uc_serverless,iceberg,ds9_iceberg,ds9_sum_aggregate_iceberg_offset100k,warm,3,0.3158204579958692,,0.00024563813399678714,Small,2026-09-19T22:41:50.877237+00:00
databricks_uc_serverless,iceberg,ds9_iceberg,ds9_sum_aggregate_iceberg_offset450k,cold,1,0.6446935000130907,,0.0005014282777879594,Small,2026-09-19T22:41:50.877263+00:00
databricks_uc_serverless,iceberg,ds9_iceberg,ds9_sum_aggregate_iceberg_offset450k,cold,2,0.33574624999891967,,0.0002611359722213819,Small,2026-09-19T22:41:50.877289+00:00
databricks_uc_serverless,iceberg,ds9_iceberg,ds9_sum_aggregate_iceberg_offset450k,cold,3,0.32960604201070964,,0.0002563602548972186,Small,2026-09-19T22:41:50.877320+00:00
databricks_uc_serverless,iceberg,ds9_iceberg,ds9_sum_aggregate_iceberg_offset450k,warm,1,0.3223710840102285,,0.0002507330653412888,Small,2026-09-19T22:41:50.877347+00:00
databricks_uc_serverless,iceberg,ds9_iceberg,ds9_sum_aggregate_iceberg_offset450k,warm,2,0.3110621250234544,,0.00024193720835157567,Small,2026-09-19T22:41:50.877375+00:00
databricks_uc_serverless,iceberg,ds9_iceberg,ds9_sum_aggregate_iceberg_offset450k,warm,3,0.3186466249753721,,0.0002478362638697338,Small,2026-09-19T22:41:50.877747+00:00
databricks_uc_serverless,iceberg,ds9_iceberg,ds9_column_pruning_select_iceberg,cold,1,0.8773159579723142,,0.0006823568562006889,Small,2026-09-19T22:41:50.877780+00:00
databricks_uc_serverless,iceberg,ds9_iceberg,ds9_column_pruning_select_iceberg,cold,2,0.3406012080376968,,0.0002649120506959864,Small,2026-09-19T22:41:50.877806+00:00
databricks_uc_serverless,iceberg,ds9_iceberg,ds9_column_pruning_select_iceberg,cold,3,0.34920491598313674,,0.0002716038235424397,Small,2026-09-19T22:41:50.877832+00:00
databricks_uc_serverless,iceberg,ds9_iceberg,ds9_column_pruning_select_iceberg,warm,1,0.33466854196740314,,0.00026029775486353577,Small,2026-09-19T22:41:50.877858+00:00
databricks_uc_serverless,iceberg,ds9_iceberg,ds9_column_pruning_select_iceberg,warm,2,0.3434297079802491,,0.00026711199509574923,Small,2026-09-19T22:41:50.877888+00:00
databricks_uc_serverless,iceberg,ds9_iceberg,ds9_column_pruning_select_iceberg,warm,3,0.33515499997884035,,0.0002606761110946536,Small,2026-09-19T22:41:50.877914+00:00
databricks_uc_serverless,iceberg,ds9_iceberg,ds9_aggregate_far_columns_iceberg,cold,1,0.6378175420104526,,0.0004960803104525742,Small,2026-09-19T22:41:50.877985+00:00
databricks_uc_serverless,iceberg,ds9_iceberg,ds9_aggregate_far_columns_iceberg,cold,2,0.3842602919903584,,0.0002988691159925009,Small,2026-09-19T22:41:50.878169+00:00
databricks_uc_serverless,iceberg,ds9_iceberg,ds9_aggregate_far_columns_iceberg,cold,3,0.31628441700013354,,0.00024599899100010385,Small,2026-09-19T22:41:50.878204+00:00
databricks_uc_serverless,iceberg,ds9_iceberg,ds9_aggregate_far_columns_iceberg,warm,1,0.3183845420135185,,0.00024763242156606994,Small,2026-09-19T22:41:50.878232+00:00
databricks_uc_serverless,iceberg,ds9_iceberg,ds9_aggregate_far_columns_iceberg,warm,2,0.3207115000113845,,0.00024944227778663235,Small,2026-09-19T22:41:50.878259+00:00
databricks_uc_serverless,iceberg,ds9_iceberg,ds9_aggregate_far_columns_iceberg,warm,3,0.32236237498000264,,0.00025072629165111314,Small,2026-09-19T22:41:50.878284+00:00
duckdb,parquet,ds1,ds1_select_ordered_limit30,cold,1,18.562166124989744,281306151,,duckdb-local,2026-09-20T00:55:23.088221+00:00
duckdb,parquet,ds1,ds1_select_ordered_limit30,cold,2,26.425129082985222,281306151,,duckdb-local,2026-09-20T00:55:23.089018+00:00
duckdb,parquet,ds1,ds1_select_ordered_limit30,cold,3,22.06330749997869,281306151,,duckdb-local,2026-09-20T00:55:23.089034+00:00
duckdb,parquet,ds1,ds1_select_ordered_limit30,warm,1,21.26122333301464,281306151,,duckdb-local,2026-09-20T00:55:23.089384+00:00
duckdb,parquet,ds1,ds1_select_ordered_limit30,warm,2,0.40907416702248156,,,duckdb-local,2026-09-20T00:55:23.089396+00:00
duckdb,parquet,ds1,ds1_select_ordered_limit30,warm,3,0.3527923339861445,,,duckdb-local,2026-09-20T00:55:23.089405+00:00
duckdb,parquet,ds2,ds2_select_ordered_limit30,cold,1,0.9273420830140822,63799,,duckdb-local,2026-09-20T00:55:23.089450+00:00
duckdb,parquet,ds2,ds2_select_ordered_limit30,cold,2,0.9888102919794619,63799,,duckdb-local,2026-09-20T00:55:23.090075+00:00
duckdb,parquet,ds2,ds2_select_ordered_limit30,cold,3,0.9164899589959532,63799,,duckdb-local,2026-09-20T00:55:23.090088+00:00
duckdb,parquet,ds2,ds2_select_ordered_limit30,warm,1,1.0596268749795854,63799,,duckdb-local,2026-09-20T00:55:23.090096+00:00
duckdb,parquet,ds2,ds2_select_ordered_limit30,warm,2,0.2939604579587467,,,duckdb-local,2026-09-20T00:55:23.090104+00:00
duckdb,parquet,ds2,ds2_select_ordered_limit30,warm,3,0.2853373750112951,,,duckdb-local,2026-09-20T00:55:23.090112+00:00
duckdb,parquet,ds3,ds3_select_ordered_limit30,cold,1,6.689454375009518,56942149,,duckdb-local,2026-09-20T00:55:23.090122+00:00
duckdb,parquet,ds3,ds3_select_ordered_limit30,cold,2,5.537558584008366,56942149,,duckdb-local,2026-09-20T00:55:23.090130+00:00
duckdb,parquet,ds3,ds3_select_ordered_limit30,cold,3,5.5011642500176094,56942149,,duckdb-local,2026-09-20T00:55:23.090137+00:00
duckdb,parquet,ds3,ds3_select_ordered_limit30,warm,1,5.642428708029911,56942149,,duckdb-local,2026-09-20T00:55:23.090146+00:00
duckdb,parquet,ds3,ds3_select_ordered_limit30,warm,2,0.334665083035361,,,duckdb-local,2026-09-20T00:55:23.090154+00:00
duckdb,parquet,ds3,ds3_select_ordered_limit30,warm,3,0.3143875409732573,,,duckdb-local,2026-09-20T00:55:23.090162+00:00
duckdb,parquet,ds4,ds4_select_ordered_limit30,cold,1,7.805039457976818,84404344,,duckdb-local,2026-09-20T00:55:23.090170+00:00
duckdb,parquet,ds4,ds4_select_ordered_limit30,cold,2,7.706752499972936,84404344,,duckdb-local,2026-09-20T00:55:23.090178+00:00
duckdb,parquet,ds4,ds4_select_ordered_limit30,cold,3,11.31105141696753,84404344,,duckdb-local,2026-09-20T00:55:23.090186+00:00
duckdb,parquet,ds4,ds4_select_ordered_limit30,warm,1,8.496375165996142,84404344,,duckdb-local,2026-09-20T00:55:23.090194+00:00
duckdb,parquet,ds4,ds4_select_ordered_limit30,warm,2,0.3622739579877816,,,duckdb-local,2026-09-20T00:55:23.090201+00:00
duckdb,parquet,ds4,ds4_select_ordered_limit30,warm,3,0.30605479201767594,,,duckdb-local,2026-09-20T00:55:23.090209+00:00
duckdb,parquet,ds5,ds5_select_ordered_limit30,cold,1,4.718197625014,1668331,,duckdb-local,2026-09-20T00:55:23.090216+00:00
duckdb,parquet,ds5,ds5_select_ordered_limit30,cold,2,1.3403077090042643,1668331,,duckdb-local,2026-09-20T00:55:23.090224+00:00
duckdb,parquet,ds5,ds5_select_ordered_limit30,cold,3,1.3893907919991761,1668331,,duckdb-local,2026-09-20T00:55:23.090232+00:00
duckdb,parquet,ds5,ds5_select_ordered_limit30,warm,1,1.3614804579992779,1668331,,duckdb-local,2026-09-20T00:55:23.090239+00:00
duckdb,parquet,ds5,ds5_select_ordered_limit30,warm,2,0.29672691703308374,,,duckdb-local,2026-09-20T00:55:23.090246+00:00
duckdb,parquet,ds5,ds5_select_ordered_limit30,warm,3,0.26199624995933846,,,duckdb-local,2026-09-20T00:55:23.090254+00:00
duckdb,parquet,ds6,ds6_select_raw_no_cast,cold,1,1.1046231249929406,351390,,duckdb-local,2026-09-20T00:55:23.090264+00:00
duckdb,parquet,ds6,ds6_select_raw_no_cast,cold,2,1.0623144999844953,351390,,duckdb-local,2026-09-20T00:55:23.090273+00:00
duckdb,parquet,ds6,ds6_select_raw_no_cast,cold,3,1.1115010000066832,351390,,duckdb-local,2026-09-20T00:55:23.090281+00:00
duckdb,parquet,ds6,ds6_select_raw_no_cast,warm,1,1.1566055409493856,351390,,duckdb-local,2026-09-20T00:55:23.090289+00:00
duckdb,parquet,ds6,ds6_select_raw_no_cast,warm,2,0.28016695799306035,,,duckdb-local,2026-09-20T00:55:23.090296+00:00
duckdb,parquet,ds6,ds6_select_raw_no_cast,warm,3,0.27339145803125575,,,duckdb-local,2026-09-20T00:55:23.090303+00:00
duckdb,parquet,ds6,ds6_select_cast,cold,1,1.0712805830407888,351390,,duckdb-local,2026-09-20T00:55:23.090311+00:00
duckdb,parquet,ds6,ds6_select_cast,cold,2,1.2376215000404045,351390,,duckdb-local,2026-09-20T00:55:23.090321+00:00
duckdb,parquet,ds6,ds6_select_cast,cold,3,1.060487375012599,351390,,duckdb-local,2026-09-20T00:55:23.090330+00:00
duckdb,parquet,ds6,ds6_select_cast,warm,1,0.2547151669859886,,,duckdb-local,2026-09-20T00:55:23.090338+00:00
duckdb,parquet,ds6,ds6_select_cast,warm,2,0.2511680420138873,,,duckdb-local,2026-09-20T00:55:23.090345+00:00
duckdb,parquet,ds6,ds6_select_cast,warm,3,0.24359745800029486,,,duckdb-local,2026-09-20T00:55:23.090354+00:00
duckdb,parquet,ds7,ds7_select_ordered_limit1m,cold,1,1.2576028750045225,513088,,duckdb-local,2026-09-20T00:55:23.090363+00:00
duckdb,parquet,ds7,ds7_select_ordered_limit1m,cold,2,1.1735182499978691,513088,,duckdb-local,2026-09-20T00:55:23.090376+00:00
duckdb,parquet,ds7,ds7_select_ordered_limit1m,cold,3,1.2818378750234842,513088,,duckdb-local,2026-09-20T00:55:23.090389+00:00
duckdb,parquet,ds7,ds7_select_ordered_limit1m,warm,1,1.0905445420066826,513088,,duckdb-local,2026-09-20T00:55:23.090411+00:00
duckdb,parquet,ds7,ds7_select_ordered_limit1m,warm,2,0.28541033301735297,,,duckdb-local,2026-09-20T00:55:23.090433+00:00
duckdb,parquet,ds7,ds7_select_ordered_limit1m,warm,3,0.276486125017982,,,duckdb-local,2026-09-20T00:55:23.090446+00:00
duckdb,parquet,ds1,ds1_sum_aggregate,cold,1,26.185842000006232,150844483,,duckdb-local,2026-09-20T00:55:23.090458+00:00
duckdb,parquet,ds1,ds1_sum_aggregate,cold,2,11.746821167005692,150844483,,duckdb-local,2026-09-20T00:55:23.090466+00:00
duckdb,parquet,ds1,ds1_sum_aggregate,cold,3,13.68531570804771,150844483,,duckdb-local,2026-09-20T00:55:23.090478+00:00
duckdb,parquet,ds1,ds1_sum_aggregate,warm,1,0.3551934999995865,,,duckdb-local,2026-09-20T00:55:23.090486+00:00
duckdb,parquet,ds1,ds1_sum_aggregate,warm,2,0.3237488750019111,,,duckdb-local,2026-09-20T00:55:23.090493+00:00
duckdb,parquet,ds1,ds1_sum_aggregate,warm,3,0.31013183295726776,,,duckdb-local,2026-09-20T00:55:23.090500+00:00
duckdb,parquet,ds3,ds3_sum_aggregate,cold,1,5.738042167038657,51710682,,duckdb-local,2026-09-20T00:55:23.090534+00:00
duckdb,parquet,ds3,ds3_sum_aggregate,cold,2,4.234395750041585,51710682,,duckdb-local,2026-09-20T00:55:23.090548+00:00
duckdb,parquet,ds3,ds3_sum_aggregate,cold,3,4.679353833023924,51710682,,duckdb-local,2026-09-20T00:55:23.090557+00:00
duckdb,parquet,ds3,ds3_sum_aggregate,warm,1,0.32649895804934204,,,duckdb-local,2026-09-20T00:55:23.090565+00:00
duckdb,parquet,ds3,ds3_sum_aggregate,warm,2,0.29918545903638005,,,duckdb-local,2026-09-20T00:55:23.090574+00:00
duckdb,parquet,ds3,ds3_sum_aggregate,warm,3,0.28486120799789205,,,duckdb-local,2026-09-20T00:55:23.090581+00:00
duckdb,iceberg,ds1_iceberg,ds1_select_ordered_limit30_iceberg,cold,1,20.12307112501003,226674906,,duckdb-local,2026-09-20T00:55:23.090606+00:00
duckdb,iceberg,ds1_iceberg,ds1_select_ordered_limit30_iceberg,cold,2,16.797900834004395,226674906,,duckdb-local,2026-09-20T00:55:23.090616+00:00
duckdb,iceberg,ds1_iceberg,ds1_select_ordered_limit30_iceberg,cold,3,14.367756874999031,226674906,,duckdb-local,2026-09-20T00:55:23.090624+00:00
duckdb,iceberg,ds1_iceberg,ds1_select_ordered_limit30_iceberg,warm,1,16.308504791988526,226674906,,duckdb-local,2026-09-20T00:55:23.090632+00:00
duckdb,iceberg,ds1_iceberg,ds1_select_ordered_limit30_iceberg,warm,2,0.42705291602760553,,,duckdb-local,2026-09-20T00:55:23.090640+00:00
duckdb,iceberg,ds1_iceberg,ds1_select_ordered_limit30_iceberg,warm,3,0.27879383403342217,,,duckdb-local,2026-09-20T00:55:23.090650+00:00
duckdb,iceberg,ds2_iceberg,ds2_select_ordered_limit30_iceberg,cold,1,1.758055082987994,52358,,duckdb-local,2026-09-20T00:55:23.090658+00:00
duckdb,iceberg,ds2_iceberg,ds2_select_ordered_limit30_iceberg,cold,2,1.3161961250007153,52358,,duckdb-local,2026-09-20T00:55:23.090880+00:00
duckdb,iceberg,ds2_iceberg,ds2_select_ordered_limit30_iceberg,cold,3,1.315780040982645,52358,,duckdb-local,2026-09-20T00:55:23.090899+00:00
duckdb,iceberg,ds2_iceberg,ds2_select_ordered_limit30_iceberg,warm,1,1.3703906669979915,52358,,duckdb-local,2026-09-20T00:55:23.090908+00:00
duckdb,iceberg,ds2_iceberg,ds2_select_ordered_limit30_iceberg,warm,2,0.13449554197723046,,,duckdb-local,2026-09-20T00:55:23.090917+00:00
duckdb,iceberg,ds2_iceberg,ds2_select_ordered_limit30_iceberg,warm,3,0.14811004203511402,,,duckdb-local,2026-09-20T00:55:23.090926+00:00
duckdb,iceberg,ds3_iceberg,ds3_select_ordered_limit30_iceberg,cold,1,4.690499541989993,38241269,,duckdb-local,2026-09-20T00:55:23.090934+00:00
duckdb,iceberg,ds3_iceberg,ds3_select_ordered_limit30_iceberg,cold,2,3.780887541011907,38241269,,duckdb-local,2026-09-20T00:55:23.090942+00:00
duckdb,iceberg,ds3_iceberg,ds3_select_ordered_limit30_iceberg,cold,3,3.790428125008475,38241269,,duckdb-local,2026-09-20T00:55:23.090950+00:00
duckdb,iceberg,ds3_iceberg,ds3_select_ordered_limit30_iceberg,warm,1,3.832968999980949,38241269,,duckdb-local,2026-09-20T00:55:23.090958+00:00
duckdb,iceberg,ds3_iceberg,ds3_select_ordered_limit30_iceberg,warm,2,0.2372437920421362,,,duckdb-local,2026-09-20T00:55:23.090966+00:00
duckdb,iceberg,ds3_iceberg,ds3_select_ordered_limit30_iceberg,warm,3,0.24302366597112268,,,duckdb-local,2026-09-20T00:55:23.090973+00:00
duckdb,iceberg,ds4_iceberg,ds4_select_ordered_limit30_iceberg,cold,1,6.055768958001863,58628666,,duckdb-local,2026-09-20T00:55:23.090999+00:00
duckdb,iceberg,ds4_iceberg,ds4_select_ordered_limit30_iceberg,cold,2,7.089141958043911,58628666,,duckdb-local,2026-09-20T00:55:23.091011+00:00
duckdb,iceberg,ds4_iceberg,ds4_select_ordered_limit30_iceberg,cold,3,5.150744708022103,58628666,,duckdb-local,2026-09-20T00:55:23.091020+00:00
duckdb,iceberg,ds4_iceberg,ds4_select_ordered_limit30_iceberg,warm,1,4.105194833013229,58628666,,duckdb-local,2026-09-20T00:55:23.091040+00:00
duckdb,iceberg,ds4_iceberg,ds4_select_ordered_limit30_iceberg,warm,2,0.2534535840386525,,,duckdb-local,2026-09-20T00:55:23.091055+00:00
duckdb,iceberg,ds4_iceberg,ds4_select_ordered_limit30_iceberg,warm,3,0.2500798749970272,,,duckdb-local,2026-09-20T00:55:23.091064+00:00
duckdb,iceberg,ds5_iceberg,ds5_select_ordered_limit30_iceberg,cold,1,2.131203250028193,1130348,,duckdb-local,2026-09-20T00:55:23.091071+00:00
duckdb,iceberg,ds5_iceberg,ds5_select_ordered_limit30_iceberg,cold,2,1.7079280840116553,1130348,,duckdb-local,2026-09-20T00:55:23.091079+00:00
duckdb,iceberg,ds5_iceberg,ds5_select_ordered_limit30_iceberg,cold,3,1.6855868749553338,1130348,,duckdb-local,2026-09-20T00:55:23.091088+00:00
duckdb,iceberg,ds5_iceberg,ds5_select_ordered_limit30_iceberg,warm,1,1.6789386669988744,1130348,,duckdb-local,2026-09-20T00:55:23.091096+00:00
duckdb,iceberg,ds5_iceberg,ds5_select_ordered_limit30_iceberg,warm,2,0.19276508397888392,,,duckdb-local,2026-09-20T00:55:23.091104+00:00
duckdb,iceberg,ds5_iceberg,ds5_select_ordered_limit30_iceberg,warm,3,0.1538427080377005,,,duckdb-local,2026-09-20T00:55:23.091111+00:00
duckdb,iceberg,ds6_iceberg,ds6_select_raw_no_cast_iceberg,cold,1,1.7867924160091206,241060,,duckdb-local,2026-09-20T00:55:23.091119+00:00
duckdb,iceberg,ds6_iceberg,ds6_select_raw_no_cast_iceberg,cold,2,1.4552755420445465,241060,,duckdb-local,2026-09-20T00:55:23.091134+00:00
duckdb,iceberg,ds6_iceberg,ds6_select_raw_no_cast_iceberg,cold,3,1.4860992910107598,241060,,duckdb-local,2026-09-20T00:55:23.091142+00:00
duckdb,iceberg,ds6_iceberg,ds6_select_raw_no_cast_iceberg,warm,1,1.5475444170297123,241060,,duckdb-local,2026-09-20T00:55:23.091149+00:00
duckdb,iceberg,ds6_iceberg,ds6_select_raw_no_cast_iceberg,warm,2,0.1452988339588046,,,duckdb-local,2026-09-20T00:55:23.091157+00:00
duckdb,iceberg,ds6_iceberg,ds6_select_raw_no_cast_iceberg,warm,3,0.144148416002281,,,duckdb-local,2026-09-20T00:55:23.091164+00:00
duckdb,iceberg,ds6_iceberg,ds6_select_cast_iceberg,cold,1,1.4874876670073718,241060,,duckdb-local,2026-09-20T00:55:23.091172+00:00
duckdb,iceberg,ds6_iceberg,ds6_select_cast_iceberg,cold,2,1.4721838340046816,241060,,duckdb-local,2026-09-20T00:55:23.091181+00:00
duckdb,iceberg,ds6_iceberg,ds6_select_cast_iceberg,cold,3,1.4714284999645315,241060,,duckdb-local,2026-09-20T00:55:23.091189+00:00
duckdb,iceberg,ds6_iceberg,ds6_select_cast_iceberg,warm,1,0.1373502920032479,,,duckdb-local,2026-09-20T00:55:23.091197+00:00
duckdb,iceberg,ds6_iceberg,ds6_select_cast_iceberg,warm,2,0.1439882080303505,,,duckdb-local,2026-09-20T00:55:23.091205+00:00
duckdb,iceberg,ds6_iceberg,ds6_select_cast_iceberg,warm,3,0.14871658303309232,,,duckdb-local,2026-09-20T00:55:23.091212+00:00
duckdb,iceberg,ds7_iceberg,ds7_select_ordered_limit1m_iceberg,cold,1,1.8298427920090035,345830,,duckdb-local,2026-09-20T00:55:23.091225+00:00
duckdb,iceberg,ds7_iceberg,ds7_select_ordered_limit1m_iceberg,cold,2,1.5409174169762991,345830,,duckdb-local,2026-09-20T00:55:23.091240+00:00
duckdb,iceberg,ds7_iceberg,ds7_select_ordered_limit1m_iceberg,cold,3,1.6713937920285389,345830,,duckdb-local,2026-09-20T00:55:23.091251+00:00
duckdb,iceberg,ds7_iceberg,ds7_select_ordered_limit1m_iceberg,warm,1,1.649823167012073,345830,,duckdb-local,2026-09-20T00:55:23.091265+00:00
duckdb,iceberg,ds7_iceberg,ds7_select_ordered_limit1m_iceberg,warm,2,0.1510572920087725,,,duckdb-local,2026-09-20T00:55:23.091276+00:00
duckdb,iceberg,ds7_iceberg,ds7_select_ordered_limit1m_iceberg,warm,3,0.15924495802028105,,,duckdb-local,2026-09-20T00:55:23.091288+00:00
duckdb,iceberg,ds1_iceberg,ds1_sum_aggregate_iceberg,cold,1,9.210989374958444,132558910,,duckdb-local,2026-09-20T00:55:23.091304+00:00
duckdb,iceberg,ds1_iceberg,ds1_sum_aggregate_iceberg,cold,2,11.296997666999232,132558910,,duckdb-local,2026-09-20T00:55:23.091314+00:00
duckdb,iceberg,ds1_iceberg,ds1_sum_aggregate_iceberg,cold,3,12.64183833298739,132558910,,duckdb-local,2026-09-20T00:55:23.091322+00:00
duckdb,iceberg,ds1_iceberg,ds1_sum_aggregate_iceberg,warm,1,0.1980841250042431,,,duckdb-local,2026-09-20T00:55:23.091329+00:00
duckdb,iceberg,ds1_iceberg,ds1_sum_aggregate_iceberg,warm,2,0.18806504196254537,,,duckdb-local,2026-09-20T00:55:23.091337+00:00
duckdb,iceberg,ds1_iceberg,ds1_sum_aggregate_iceberg,warm,3,0.19728937500622123,,,duckdb-local,2026-09-20T00:55:23.091344+00:00
duckdb,iceberg,ds3_iceberg,ds3_sum_aggregate_iceberg,cold,1,3.521229250007309,23244096,,duckdb-local,2026-09-20T00:55:23.091351+00:00
duckdb,iceberg,ds3_iceberg,ds3_sum_aggregate_iceberg,cold,2,3.4442160839680582,23244096,,duckdb-local,2026-09-20T00:55:23.091362+00:00
duckdb,iceberg,ds3_iceberg,ds3_sum_aggregate_iceberg,cold,3,3.4276359580107965,23244096,,duckdb-local,2026-09-20T00:55:23.091370+00:00
duckdb,iceberg,ds3_iceberg,ds3_sum_aggregate_iceberg,warm,1,0.17968062503496185,,,duckdb-local,2026-09-20T00:55:23.091378+00:00
duckdb,iceberg,ds3_iceberg,ds3_sum_aggregate_iceberg,warm,2,0.15993504197103903,,,duckdb-local,2026-09-20T00:55:23.091385+00:00
duckdb,iceberg,ds3_iceberg,ds3_sum_aggregate_iceberg,warm,3,0.18219245795626193,,,duckdb-local,2026-09-20T00:55:23.091394+00:00
duckdb,parquet,ds9,ds9_cold_count,cold,1,2.6887978330487385,2996240,,duckdb-local,2026-09-20T00:55:23.091402+00:00
duckdb,parquet,ds9,ds9_cold_count,cold,2,2.4150164580205455,2996240,,duckdb-local,2026-09-20T00:55:23.091410+00:00
duckdb,parquet,ds9,ds9_cold_count,cold,3,2.4689709579688497,2996240,,duckdb-local,2026-09-20T00:55:23.091418+00:00
duckdb,parquet,ds9,ds9_cold_count,warm,1,2.4027005420066416,2996240,,duckdb-local,2026-09-20T00:55:23.091425+00:00
duckdb,parquet,ds9,ds9_cold_count,warm,2,0.33320912497583777,,,duckdb-local,2026-09-20T00:55:23.091433+00:00
duckdb,parquet,ds9,ds9_cold_count,warm,3,0.34740616695489734,,,duckdb-local,2026-09-20T00:55:23.091440+00:00
duckdb,parquet,ds9,ds9_select_ordered_limit30,cold,1,5.32837916596327,40578252,,duckdb-local,2026-09-20T00:55:23.092333+00:00
duckdb,parquet,ds9,ds9_select_ordered_limit30,cold,2,5.373725791985635,40578252,,duckdb-local,2026-09-20T00:55:23.092382+00:00
duckdb,parquet,ds9,ds9_select_ordered_limit30,cold,3,5.298177542048506,40578252,,duckdb-local,2026-09-20T00:55:23.092391+00:00
duckdb,parquet,ds9,ds9_select_ordered_limit30,warm,1,4.2072927500121295,37582012,,duckdb-local,2026-09-20T00:55:23.092401+00:00
duckdb,parquet,ds9,ds9_select_ordered_limit30,warm,2,0.315765833016485,,,duckdb-local,2026-09-20T00:55:23.092409+00:00
duckdb,parquet,ds9,ds9_select_ordered_limit30,warm,3,0.29508275003172457,,,duckdb-local,2026-09-20T00:55:23.092416+00:00
duckdb,parquet,ds9,ds9_select_ordered_limit30_offset1k,cold,1,5.463626791955903,40578252,,duckdb-local,2026-09-20T00:55:23.092424+00:00
duckdb,parquet,ds9,ds9_select_ordered_limit30_offset1k,cold,2,6.59507812501397,40578252,,duckdb-local,2026-09-20T00:55:23.092431+00:00
duckdb,parquet,ds9,ds9_select_ordered_limit30_offset1k,cold,3,5.254504208045546,40578252,,duckdb-local,2026-09-20T00:55:23.092439+00:00
duckdb,parquet,ds9,ds9_select_ordered_limit30_offset1k,warm,1,0.3271810410078615,,,duckdb-local,2026-09-20T00:55:23.093222+00:00
duckdb,parquet,ds9,ds9_select_ordered_limit30_offset1k,warm,2,0.30817700002808124,,,duckdb-local,2026-09-20T00:55:23.093231+00:00
duckdb,parquet,ds9,ds9_select_ordered_limit30_offset1k,warm,3,0.3084533750079572,,,duckdb-local,2026-09-20T00:55:23.093239+00:00
duckdb,parquet,ds9,ds9_select_ordered_limit30_offset100k,cold,1,4.92642995796632,40578252,,duckdb-local,2026-09-20T00:55:23.093246+00:00
duckdb,parquet,ds9,ds9_select_ordered_limit30_offset100k,cold,2,5.035425291978754,40578252,,duckdb-local,2026-09-20T00:55:23.093254+00:00
duckdb,parquet,ds9,ds9_select_ordered_limit30_offset100k,cold,3,5.540203207987361,40578252,,duckdb-local,2026-09-20T00:55:23.093261+00:00
duckdb,parquet,ds9,ds9_select_ordered_limit30_offset100k,warm,1,0.33876075001899153,,,duckdb-local,2026-09-20T00:55:23.093269+00:00
duckdb,parquet,ds9,ds9_select_ordered_limit30_offset100k,warm,2,0.32450320798670873,,,duckdb-local,2026-09-20T00:55:23.093278+00:00
duckdb,parquet,ds9,ds9_select_ordered_limit30_offset100k,warm,3,0.3140956250135787,,,duckdb-local,2026-09-20T00:55:23.093286+00:00
duckdb,parquet,ds9,ds9_select_ordered_limit30_offset450k,cold,1,7.818722459021956,40578252,,duckdb-local,2026-09-20T00:55:23.093296+00:00
duckdb,parquet,ds9,ds9_select_ordered_limit30_offset450k,cold,2,5.991215125017334,40578252,,duckdb-local,2026-09-20T00:55:23.093304+00:00
duckdb,parquet,ds9,ds9_select_ordered_limit30_offset450k,cold,3,5.659390208951663,40578252,,duckdb-local,2026-09-20T00:55:23.093311+00:00
duckdb,parquet,ds9,ds9_select_ordered_limit30_offset450k,warm,1,0.4486833750270307,,,duckdb-local,2026-09-20T00:55:23.093319+00:00
duckdb,parquet,ds9,ds9_select_ordered_limit30_offset450k,warm,2,0.372707000002265,,,duckdb-local,2026-09-20T00:55:23.093326+00:00
duckdb,parquet,ds9,ds9_select_ordered_limit30_offset450k,warm,3,0.3624009999912232,,,duckdb-local,2026-09-20T00:55:23.093334+00:00
duckdb,parquet,ds9,ds9_select_ordered_limit30_wide_sort,cold,1,24.39742741599912,378810495,,duckdb-local,2026-09-20T00:55:23.093341+00:00
duckdb,parquet,ds9,ds9_select_ordered_limit30_wide_sort,cold,2,19.792717124975752,378810495,,duckdb-local,2026-09-20T00:55:23.093349+00:00
duckdb,parquet,ds9,ds9_select_ordered_limit30_wide_sort,cold,3,23.195527167001273,378810495,,duckdb-local,2026-09-20T00:55:23.093356+00:00
duckdb,parquet,ds9,ds9_select_ordered_limit30_wide_sort,warm,1,18.30571104201954,338232243,,duckdb-local,2026-09-20T00:55:23.093364+00:00
duckdb,parquet,ds9,ds9_select_ordered_limit30_wide_sort,warm,2,0.5019397499854676,,,duckdb-local,2026-09-20T00:55:23.093371+00:00
duckdb,parquet,ds9,ds9_select_ordered_limit30_wide_sort,warm,3,0.4583390000043437,,,duckdb-local,2026-09-20T00:55:23.093378+00:00
duckdb,parquet,ds9,ds9_select_ordered_limit30_wide_sort_offset1k,cold,1,21.491388875001576,378810495,,duckdb-local,2026-09-20T00:55:23.093386+00:00
duckdb,parquet,ds9,ds9_select_ordered_limit30_wide_sort_offset1k,cold,2,20.145446332986467,378810495,,duckdb-local,2026-09-20T00:55:23.093394+00:00
duckdb,parquet,ds9,ds9_select_ordered_limit30_wide_sort_offset1k,cold,3,24.27639758301666,378810495,,duckdb-local,2026-09-20T00:55:23.093401+00:00
duckdb,parquet,ds9,ds9_select_ordered_limit30_wide_sort_offset1k,warm,1,0.5454174159676768,,,duckdb-local,2026-09-20T00:55:23.093409+00:00
duckdb,parquet,ds9,ds9_select_ordered_limit30_wide_sort_offset1k,warm,2,0.4682093749870546,,,duckdb-local,2026-09-20T00:55:23.093416+00:00
duckdb,parquet,ds9,ds9_select_ordered_limit30_wide_sort_offset1k,warm,3,0.4406545410165563,,,duckdb-local,2026-09-20T00:55:23.093439+00:00
duckdb,parquet,ds9,ds9_select_ordered_limit30_wide_sort_offset100k,cold,1,25.874360457994044,378810495,,duckdb-local,2026-09-20T00:55:23.093451+00:00
duckdb,parquet,ds9,ds9_select_ordered_limit30_wide_sort_offset100k,cold,2,20.77399758301908,378810495,,duckdb-local,2026-09-20T00:55:23.093459+00:00
duckdb,parquet,ds9,ds9_select_ordered_limit30_wide_sort_offset100k,cold,3,20.815177541982848,378810495,,duckdb-local,2026-09-20T00:55:23.093467+00:00
duckdb,parquet,ds9,ds9_select_ordered_limit30_wide_sort_offset100k,warm,1,5.767726207966916,,,duckdb-local,2026-09-20T00:55:23.093474+00:00
duckdb,parquet,ds9,ds9_select_ordered_limit30_wide_sort_offset100k,warm,2,0.7411225420073606,,,duckdb-local,2026-09-20T00:55:23.093482+00:00
duckdb,parquet,ds9,ds9_select_ordered_limit30_wide_sort_offset100k,warm,3,0.6685896250419319,,,duckdb-local,2026-09-20T00:55:23.093490+00:00
duckdb,parquet,ds9,ds9_select_ordered_limit30_wide_sort_offset450k,cold,1,42.70786429202417,378810495,,duckdb-local,2026-09-20T00:55:23.093497+00:00
duckdb,parquet,ds9,ds9_select_ordered_limit30_wide_sort_offset450k,cold,2,38.91950579098193,378810495,,duckdb-local,2026-09-20T00:55:23.093505+00:00
duckdb,parquet,ds9,ds9_select_ordered_limit30_wide_sort_offset450k,cold,3,26.186518000031356,378810495,,duckdb-local,2026-09-20T00:55:23.093513+00:00
duckdb,parquet,ds9,ds9_select_ordered_limit30_wide_sort_offset450k,warm,1,1.1573003330267966,,,duckdb-local,2026-09-20T00:55:23.093521+00:00
duckdb,parquet,ds9,ds9_select_ordered_limit30_wide_sort_offset450k,warm,2,3.5581912079942413,,,duckdb-local,2026-09-20T00:55:23.093528+00:00
duckdb,parquet,ds9,ds9_select_ordered_limit30_wide_sort_offset450k,warm,3,7.475521125015803,,,duckdb-local,2026-09-20T00:55:23.093536+00:00
duckdb,parquet,ds9,ds9_select_ordered_limit30_wide_sort_1000,cold,1,124.48236879199976,1882066391,,duckdb-local,2026-09-20T00:55:23.093550+00:00
duckdb,parquet,ds9,ds9_select_ordered_limit30_wide_sort_1000,cold,2,201.86949304200243,1882066391,,duckdb-local,2026-09-20T00:55:23.093569+00:00
duckdb,parquet,ds9,ds9_select_ordered_limit30_wide_sort_1000,cold,3,167.5113724580151,1882066391,,duckdb-local,2026-09-20T00:55:23.093581+00:00
duckdb,parquet,ds9,ds9_select_ordered_limit30_wide_sort_1000,warm,1,72.45532320800703,1503255896,,duckdb-local,2026-09-20T00:55:23.093593+00:00
duckdb,parquet,ds9,ds9_select_ordered_limit30_wide_sort_1000,warm,2,2.9260043340036646,,,duckdb-local,2026-09-20T00:55:23.093607+00:00
duckdb,parquet,ds9,ds9_select_ordered_limit30_wide_sort_1000,warm,3,2.185093624982983,,,duckdb-local,2026-09-20T00:55:23.093619+00:00
duckdb,parquet,ds9,ds9_select_ordered_limit30_wide_sort_1000_offset1k,cold,1,95.48873758298578,1882066391,,duckdb-local,2026-09-20T00:55:23.093635+00:00
duckdb,parquet,ds9,ds9_select_ordered_limit30_wide_sort_1000_offset1k,cold,2,118.32479504199,1882066391,,duckdb-local,2026-09-20T00:55:23.093649+00:00
duckdb,parquet,ds9,ds9_select_ordered_limit30_wide_sort_1000_offset1k,cold,3,107.72876625001663,1882066391,,duckdb-local,2026-09-20T00:55:23.093658+00:00
duckdb,parquet,ds9,ds9_select_ordered_limit30_wide_sort_1000_offset1k,warm,1,2.0851040830020793,,,duckdb-local,2026-09-20T00:55:23.093665+00:00
duckdb,parquet,ds9,ds9_select_ordered_limit30_wide_sort_1000_offset1k,warm,2,1.618355792015791,,,duckdb-local,2026-09-20T00:55:23.093673+00:00
duckdb,parquet,ds9,ds9_select_ordered_limit30_wide_sort_1000_offset1k,warm,3,1.5346932910033502,,,duckdb-local,2026-09-20T00:55:23.093699+00:00
duckdb,parquet,ds9,ds9_select_ordered_limit30_wide_sort_1000_offset100k,cold,1,107.64304791699396,1882066391,,duckdb-local,2026-09-20T00:55:23.093707+00:00
duckdb,parquet,ds9,ds9_select_ordered_limit30_wide_sort_1000_offset100k,cold,2,109.08958500000881,1882066391,,duckdb-local,2026-09-20T00:55:23.093715+00:00
duckdb,parquet,ds9,ds9_select_ordered_limit30_wide_sort_1000_offset100k,cold,3,107.8577152499929,1882066391,,duckdb-local,2026-09-20T00:55:23.093723+00:00
duckdb,parquet,ds9,ds9_select_ordered_limit30_wide_sort_1000_offset100k,warm,1,5.4450662919553,,,duckdb-local,2026-09-20T00:55:23.093731+00:00
duckdb,parquet,ds9,ds9_select_ordered_limit30_wide_sort_1000_offset100k,warm,2,3.410742542007938,,,duckdb-local,2026-09-20T00:55:23.093738+00:00
duckdb,parquet,ds9,ds9_select_ordered_limit30_wide_sort_1000_offset100k,warm,3,3.9550840000156313,,,duckdb-local,2026-09-20T00:55:23.093746+00:00
duckdb,parquet,ds9,ds9_select_ordered_limit30_wide_sort_1000_offset450k,cold,1,116.64250208396697,1882066391,,duckdb-local,2026-09-20T00:55:23.093754+00:00
duckdb,parquet,ds9,ds9_select_ordered_limit30_wide_sort_1000_offset450k,cold,2,129.28681387502002,1882066391,,duckdb-local,2026-09-20T00:55:23.093762+00:00
duckdb,parquet,ds9,ds9_select_ordered_limit30_wide_sort_1000_offset450k,cold,3,120.16903970798012,1882066391,,duckdb-local,2026-09-20T00:55:23.093770+00:00
duckdb,parquet,ds9,ds9_select_ordered_limit30_wide_sort_1000_offset450k,warm,1,8.364388999994844,,,duckdb-local,2026-09-20T00:55:23.093778+00:00
duckdb,parquet,ds9,ds9_select_ordered_limit30_wide_sort_1000_offset450k,warm,2,7.622315249987878,,,duckdb-local,2026-09-20T00:55:23.093785+00:00
duckdb,parquet,ds9,ds9_select_ordered_limit30_wide_sort_1000_offset450k,warm,3,6.981591124960687,,,duckdb-local,2026-09-20T00:55:23.093793+00:00
duckdb,parquet,ds9,ds9_sum_aggregate,cold,1,6.425692332966719,45519542,,duckdb-local,2026-09-20T00:55:23.093800+00:00
duckdb,parquet,ds9,ds9_sum_aggregate,cold,2,6.6432195419911295,45519542,,duckdb-local,2026-09-20T00:55:23.093808+00:00
duckdb,parquet,ds9,ds9_sum_aggregate,cold,3,6.332087124988902,45519542,,duckdb-local,2026-09-20T00:55:23.093815+00:00
duckdb,parquet,ds9,ds9_sum_aggregate,warm,1,0.2773978339973837,,,duckdb-local,2026-09-20T00:55:23.093823+00:00
duckdb,parquet,ds9,ds9_sum_aggregate,warm,2,0.29626050003571436,,,duckdb-local,2026-09-20T00:55:23.093830+00:00
duckdb,parquet,ds9,ds9_sum_aggregate,warm,3,0.2935664999531582,,,duckdb-local,2026-09-20T00:55:23.093837+00:00
duckdb,parquet,ds9,ds9_sum_aggregate_offset1k,cold,1,6.064704874996096,45519542,,duckdb-local,2026-09-20T00:55:23.094337+00:00
duckdb,parquet,ds9,ds9_sum_aggregate_offset1k,cold,2,6.204399167036172,45519542,,duckdb-local,2026-09-20T00:55:23.094349+00:00
duckdb,parquet,ds9,ds9_sum_aggregate_offset1k,cold,3,6.2094237499986775,45519542,,duckdb-local,2026-09-20T00:55:23.094357+00:00
duckdb,parquet,ds9,ds9_sum_aggregate_offset1k,warm,1,0.31118658400373533,,,duckdb-local,2026-09-20T00:55:23.094364+00:00
duckdb,parquet,ds9,ds9_sum_aggregate_offset1k,warm,2,0.30077170801814646,,,duckdb-local,2026-09-20T00:55:23.094372+00:00
duckdb,parquet,ds9,ds9_sum_aggregate_offset1k,warm,3,0.3075891670305282,,,duckdb-local,2026-09-20T00:55:23.094379+00:00
duckdb,parquet,ds9,ds9_sum_aggregate_offset100k,cold,1,6.873400916985702,45519542,,duckdb-local,2026-09-20T00:55:23.094390+00:00
duckdb,parquet,ds9,ds9_sum_aggregate_offset100k,cold,2,6.912594458961394,45519542,,duckdb-local,2026-09-20T00:55:23.094398+00:00
duckdb,parquet,ds9,ds9_sum_aggregate_offset100k,cold,3,6.2854142500436865,45519542,,duckdb-local,2026-09-20T00:55:23.094405+00:00
duckdb,parquet,ds9,ds9_sum_aggregate_offset100k,warm,1,0.6824041659710929,,,duckdb-local,2026-09-20T00:55:23.094413+00:00
duckdb,parquet,ds9,ds9_sum_aggregate_offset100k,warm,2,0.3164934999658726,,,duckdb-local,2026-09-20T00:55:23.094420+00:00
duckdb,parquet,ds9,ds9_sum_aggregate_offset100k,warm,3,0.30107208294793963,,,duckdb-local,2026-09-20T00:55:23.094427+00:00
duckdb,parquet,ds9,ds9_sum_aggregate_offset450k,cold,1,16.212959499971475,45519542,,duckdb-local,2026-09-20T00:55:23.094435+00:00
duckdb,parquet,ds9,ds9_sum_aggregate_offset450k,cold,2,9.695649666013196,45519542,,duckdb-local,2026-09-20T00:55:23.094443+00:00
duckdb,parquet,ds9,ds9_sum_aggregate_offset450k,cold,3,6.916866999992635,45519542,,duckdb-local,2026-09-20T00:55:23.094450+00:00
duckdb,parquet,ds9,ds9_sum_aggregate_offset450k,warm,1,0.30516270897351205,,,duckdb-local,2026-09-20T00:55:23.094459+00:00
duckdb,parquet,ds9,ds9_sum_aggregate_offset450k,warm,2,0.3068032910232432,,,duckdb-local,2026-09-20T00:55:23.094466+00:00
duckdb,parquet,ds9,ds9_sum_aggregate_offset450k,warm,3,0.30113933398388326,,,duckdb-local,2026-09-20T00:55:23.094474+00:00
duckdb,parquet,ds9,ds9_column_pruning_select,cold,1,3.2191017079749145,3230707,,duckdb-local,2026-09-20T00:55:23.094481+00:00
duckdb,parquet,ds9,ds9_column_pruning_select,cold,2,3.122670416953042,3230707,,duckdb-local,2026-09-20T00:55:23.094489+00:00
duckdb,parquet,ds9,ds9_column_pruning_select,cold,3,3.063836584042292,3230707,,duckdb-local,2026-09-20T00:55:23.094496+00:00
duckdb,parquet,ds9,ds9_column_pruning_select,warm,1,0.3151317910524085,,,duckdb-local,2026-09-20T00:55:23.094504+00:00
duckdb,parquet,ds9,ds9_column_pruning_select,warm,2,0.3218903339584358,,,duckdb-local,2026-09-20T00:55:23.094511+00:00
duckdb,parquet,ds9,ds9_column_pruning_select,warm,3,0.4584294580272399,,,duckdb-local,2026-09-20T00:55:23.094518+00:00
duckdb,parquet,ds9,ds9_aggregate_far_columns,cold,1,15.827029625012074,12880114,,duckdb-local,2026-09-20T00:55:23.094527+00:00
duckdb,parquet,ds9,ds9_aggregate_far_columns,cold,2,4.466082333005033,12880114,,duckdb-local,2026-09-20T00:55:23.094535+00:00
duckdb,parquet,ds9,ds9_aggregate_far_columns,cold,3,7.744209457945544,12880114,,duckdb-local,2026-09-20T00:55:23.094542+00:00
duckdb,parquet,ds9,ds9_aggregate_far_columns,warm,1,0.5594152500270866,,,duckdb-local,2026-09-20T00:55:23.094550+00:00
duckdb,parquet,ds9,ds9_aggregate_far_columns,warm,2,0.5561201669625007,,,duckdb-local,2026-09-20T00:55:23.094557+00:00
duckdb,parquet,ds9,ds9_aggregate_far_columns,warm,3,0.3443337499629706,,,duckdb-local,2026-09-20T00:55:23.094564+00:00
duckdb,iceberg,ds9_iceberg,ds9_cold_count_iceberg,cold,1,1.256381458020769,,,duckdb-local,2026-09-20T00:55:23.094571+00:00
duckdb,iceberg,ds9_iceberg,ds9_cold_count_iceberg,cold,2,0.7985219159745611,,,duckdb-local,2026-09-20T00:55:23.094579+00:00
duckdb,iceberg,ds9_iceberg,ds9_cold_count_iceberg,cold,3,0.8154811669955961,,,duckdb-local,2026-09-20T00:55:23.094586+00:00
duckdb,iceberg,ds9_iceberg,ds9_cold_count_iceberg,warm,1,0.9632862499565817,,,duckdb-local,2026-09-20T00:55:23.094593+00:00
duckdb,iceberg,ds9_iceberg,ds9_cold_count_iceberg,warm,2,0.2475633749854751,,,duckdb-local,2026-09-20T00:55:23.094600+00:00
duckdb,iceberg,ds9_iceberg,ds9_cold_count_iceberg,warm,3,0.20963383396156132,,,duckdb-local,2026-09-20T00:55:23.094608+00:00
duckdb,iceberg,ds9_iceberg,ds9_select_ordered_limit30_iceberg,cold,1,5.226246459002141,35407434,,duckdb-local,2026-09-20T00:55:23.094615+00:00
duckdb,iceberg,ds9_iceberg,ds9_select_ordered_limit30_iceberg,cold,2,5.461093749967404,35410441,,duckdb-local,2026-09-20T00:55:23.094622+00:00
duckdb,iceberg,ds9_iceberg,ds9_select_ordered_limit30_iceberg,cold,3,16.87697341601597,35410441,,duckdb-local,2026-09-20T00:55:23.094630+00:00
duckdb,iceberg,ds9_iceberg,ds9_select_ordered_limit30_iceberg,warm,1,4.64356424997095,35404437,,duckdb-local,2026-09-20T00:55:23.094652+00:00
duckdb,iceberg,ds9_iceberg,ds9_select_ordered_limit30_iceberg,warm,2,0.5255682919523679,2997,,duckdb-local,2026-09-20T00:55:23.094662+00:00
duckdb,iceberg,ds9_iceberg,ds9_select_ordered_limit30_iceberg,warm,3,0.5155612499802373,2969,,duckdb-local,2026-09-20T00:55:23.094670+00:00
duckdb,iceberg,ds9_iceberg,ds9_select_ordered_limit30_iceberg_offset1k,cold,1,9.939862500003073,35419454,,duckdb-local,2026-09-20T00:55:23.094677+00:00
duckdb,iceberg,ds9_iceberg,ds9_select_ordered_limit30_iceberg_offset1k,cold,2,5.588393041980453,35416447,,duckdb-local,2026-09-20T00:55:23.094700+00:00
duckdb,iceberg,ds9_iceberg,ds9_select_ordered_limit30_iceberg_offset1k,cold,3,5.214958583994303,35416442,,duckdb-local,2026-09-20T00:55:23.094708+00:00
duckdb,iceberg,ds9_iceberg,ds9_select_ordered_limit30_iceberg_offset1k,warm,1,0.4994686659774743,6039,,duckdb-local,2026-09-20T00:55:23.094716+00:00
duckdb,iceberg,ds9_iceberg,ds9_select_ordered_limit30_iceberg_offset1k,warm,2,0.46929637499852106,3012,,duckdb-local,2026-09-20T00:55:23.094724+00:00
duckdb,iceberg,ds9_iceberg,ds9_select_ordered_limit30_iceberg_offset1k,warm,3,0.46972416603239253,5975,,duckdb-local,2026-09-20T00:55:23.094732+00:00
duckdb,iceberg,ds9_iceberg,ds9_select_ordered_limit30_iceberg_offset100k,cold,1,9.711063208000269,35437420,,duckdb-local,2026-09-20T00:55:23.094740+00:00
duckdb,iceberg,ds9_iceberg,ds9_select_ordered_limit30_iceberg_offset100k,cold,2,8.014455416006967,35437420,,duckdb-local,2026-09-20T00:55:23.094748+00:00
duckdb,iceberg,ds9_iceberg,ds9_select_ordered_limit30_iceberg_offset100k,cold,3,13.3661385839805,35437420,,duckdb-local,2026-09-20T00:55:23.094755+00:00
duckdb,iceberg,ds9_iceberg,ds9_select_ordered_limit30_iceberg_offset100k,warm,1,0.6059700410114601,11991,,duckdb-local,2026-09-20T00:55:23.094763+00:00
duckdb,iceberg,ds9_iceberg,ds9_select_ordered_limit30_iceberg_offset100k,warm,2,0.3026430410100147,,,duckdb-local,2026-09-20T00:55:23.094771+00:00
duckdb,iceberg,ds9_iceberg,ds9_select_ordered_limit30_iceberg_offset100k,warm,3,0.3986995840095915,,,duckdb-local,2026-09-20T00:55:23.094779+00:00
duckdb,iceberg,ds9_iceberg,ds9_select_ordered_limit30_iceberg_offset450k,cold,1,5.720353707962204,35437420,,duckdb-local,2026-09-20T00:55:23.094788+00:00
duckdb,iceberg,ds9_iceberg,ds9_select_ordered_limit30_iceberg_offset450k,cold,2,5.545188958989456,35437420,,duckdb-local,2026-09-20T00:55:23.094795+00:00
duckdb,iceberg,ds9_iceberg,ds9_select_ordered_limit30_iceberg_offset450k,cold,3,22.328092041949276,35437420,,duckdb-local,2026-09-20T00:55:23.094803+00:00
duckdb,iceberg,ds9_iceberg,ds9_select_ordered_limit30_iceberg_offset450k,warm,1,0.3750169170089066,,,duckdb-local,2026-09-20T00:55:23.094811+00:00
duckdb,iceberg,ds9_iceberg,ds9_select_ordered_limit30_iceberg_offset450k,warm,2,0.30981104203965515,,,duckdb-local,2026-09-20T00:55:23.094819+00:00
duckdb,iceberg,ds9_iceberg,ds9_select_ordered_limit30_iceberg_offset450k,warm,3,0.28739258396672085,,,duckdb-local,2026-09-20T00:55:23.094826+00:00
duckdb,iceberg,ds9_iceberg,ds9_select_ordered_limit30_wide_sort_iceberg,cold,1,26.70287045900477,299143964,,duckdb-local,2026-09-20T00:55:23.094834+00:00
duckdb,iceberg,ds9_iceberg,ds9_select_ordered_limit30_wide_sort_iceberg,cold,2,37.546053916972596,299143964,,duckdb-local,2026-09-20T00:55:23.094842+00:00
duckdb,iceberg,ds9_iceberg,ds9_select_ordered_limit30_wide_sort_iceberg,cold,3,31.13535245798994,299143964,,duckdb-local,2026-09-20T00:55:23.094850+00:00
duckdb,iceberg,ds9_iceberg,ds9_select_ordered_limit30_wide_sort_iceberg,warm,1,19.356137500028126,263760563,,duckdb-local,2026-09-20T00:55:23.094857+00:00
duckdb,iceberg,ds9_iceberg,ds9_select_ordered_limit30_wide_sort_iceberg,warm,2,0.48808737500803545,,,duckdb-local,2026-09-20T00:55:23.094865+00:00
duckdb,iceberg,ds9_iceberg,ds9_select_ordered_limit30_wide_sort_iceberg,warm,3,0.4021108750021085,,,duckdb-local,2026-09-20T00:55:23.094873+00:00
duckdb,iceberg,ds9_iceberg,ds9_select_ordered_limit30_wide_sort_iceberg_offset1k,cold,1,31.01810549997026,299234183,,duckdb-local,2026-09-20T00:55:23.094880+00:00
duckdb,iceberg,ds9_iceberg,ds9_select_ordered_limit30_wide_sort_iceberg_offset1k,cold,2,38.26237225002842,299264295,,duckdb-local,2026-09-20T00:55:23.094889+00:00
duckdb,iceberg,ds9_iceberg,ds9_select_ordered_limit30_wide_sort_iceberg_offset1k,cold,3,23.07222675002413,299234183,,duckdb-local,2026-09-20T00:55:23.094896+00:00
duckdb,iceberg,ds9_iceberg,ds9_select_ordered_limit30_wide_sort_iceberg_offset1k,warm,1,0.7488536669989116,81269,,duckdb-local,2026-09-20T00:55:23.094904+00:00
duckdb,iceberg,ds9_iceberg,ds9_select_ordered_limit30_wide_sort_iceberg_offset1k,warm,2,0.7386766249546781,27119,,duckdb-local,2026-09-20T00:55:23.094912+00:00
duckdb,iceberg,ds9_iceberg,ds9_select_ordered_limit30_wide_sort_iceberg_offset1k,warm,3,0.43667170900152996,,,duckdb-local,2026-09-20T00:55:23.094920+00:00
duckdb,iceberg,ds9_iceberg,ds9_select_ordered_limit30_wide_sort_iceberg_offset100k,cold,1,55.845762124983594,299414564,,duckdb-local,2026-09-20T00:55:23.094927+00:00
duckdb,iceberg,ds9_iceberg,ds9_select_ordered_limit30_wide_sort_iceberg_offset100k,cold,2,44.77032245800365,299414564,,duckdb-local,2026-09-20T00:55:23.094935+00:00
duckdb,iceberg,ds9_iceberg,ds9_select_ordered_limit30_wide_sort_iceberg_offset100k,cold,3,34.654432332958095,299414564,,duckdb-local,2026-09-20T00:55:23.094943+00:00
duckdb,iceberg,ds9_iceberg,ds9_select_ordered_limit30_wide_sort_iceberg_offset100k,warm,1,2.306309790990781,108193,,duckdb-local,2026-09-20T00:55:23.094951+00:00
duckdb,iceberg,ds9_iceberg,ds9_select_ordered_limit30_wide_sort_iceberg_offset100k,warm,2,0.7325305420090444,,,duckdb-local,2026-09-20T00:55:23.094959+00:00
duckdb,iceberg,ds9_iceberg,ds9_select_ordered_limit30_wide_sort_iceberg_offset100k,warm,3,0.8016618330148049,,,duckdb-local,2026-09-20T00:55:23.094966+00:00
duckdb,iceberg,ds9_iceberg,ds9_select_ordered_limit30_wide_sort_iceberg_offset450k,cold,1,20.375742457981687,299414564,,duckdb-local,2026-09-20T00:55:23.094974+00:00
duckdb,iceberg,ds9_iceberg,ds9_select_ordered_limit30_wide_sort_iceberg_offset450k,cold,2,40.15491562499665,299414564,,duckdb-local,2026-09-20T00:55:23.094982+00:00
duckdb,iceberg,ds9_iceberg,ds9_select_ordered_limit30_wide_sort_iceberg_offset450k,cold,3,52.6105019999668,299414564,,duckdb-local,2026-09-20T00:55:23.094990+00:00
duckdb,iceberg,ds9_iceberg,ds9_select_ordered_limit30_wide_sort_iceberg_offset450k,warm,1,1.2337185419746675,,,duckdb-local,2026-09-20T00:55:23.094997+00:00
duckdb,iceberg,ds9_iceberg,ds9_select_ordered_limit30_wide_sort_iceberg_offset450k,warm,2,0.9435009169974364,,,duckdb-local,2026-09-20T00:55:23.095005+00:00
duckdb,iceberg,ds9_iceberg,ds9_select_ordered_limit30_wide_sort_iceberg_offset450k,warm,3,0.9540695000323467,,,duckdb-local,2026-09-20T00:55:23.095013+00:00
duckdb,iceberg,ds9_iceberg,ds9_select_ordered_limit30_wide_sort_1000_iceberg,cold,1,181.4121814579703,1473705605,,duckdb-local,2026-09-20T00:55:23.095021+00:00
duckdb,iceberg,ds9_iceberg,ds9_select_ordered_limit30_wide_sort_1000_iceberg,cold,2,206.38967412500642,1473856014,,duckdb-local,2026-09-20T00:55:23.095029+00:00
duckdb,iceberg,ds9_iceberg,ds9_select_ordered_limit30_wide_sort_1000_iceberg,cold,3,201.2698785419925,1473856014,,duckdb-local,2026-09-20T00:55:23.095037+00:00
duckdb,iceberg,ds9_iceberg,ds9_select_ordered_limit30_wide_sort_1000_iceberg,warm,1,101.30415854201419,1172154095,,duckdb-local,2026-09-20T00:55:23.095045+00:00
duckdb,iceberg,ds9_iceberg,ds9_select_ordered_limit30_wide_sort_1000_iceberg,warm,2,2.028451124962885,,,duckdb-local,2026-09-20T00:55:23.095052+00:00
duckdb,iceberg,ds9_iceberg,ds9_select_ordered_limit30_wide_sort_1000_iceberg,warm,3,1.7765965840080753,,,duckdb-local,2026-09-20T00:55:23.095060+00:00
duckdb,iceberg,ds9_iceberg,ds9_select_ordered_limit30_wide_sort_1000_iceberg_offset1k,cold,1,157.0718097499921,1474307322,,duckdb-local,2026-09-20T00:55:23.095068+00:00
duckdb,iceberg,ds9_iceberg,ds9_select_ordered_limit30_wide_sort_1000_iceberg_offset1k,cold,2,235.18317308399128,1474457747,,duckdb-local,2026-09-20T00:55:23.095076+00:00
duckdb,iceberg,ds9_iceberg,ds9_select_ordered_limit30_wide_sort_1000_iceberg_offset1k,cold,3,199.45291612501023,1474156707,,duckdb-local,2026-09-20T00:55:23.095084+00:00
duckdb,iceberg,ds9_iceberg,ds9_select_ordered_limit30_wide_sort_1000_iceberg_offset1k,warm,1,2.581879834004212,481200,,duckdb-local,2026-09-20T00:55:23.095091+00:00
duckdb,iceberg,ds9_iceberg,ds9_select_ordered_limit30_wide_sort_1000_iceberg_offset1k,warm,2,1.9688721669954248,,,duckdb-local,2026-09-20T00:55:23.095107+00:00
duckdb,iceberg,ds9_iceberg,ds9_select_ordered_limit30_wide_sort_1000_iceberg_offset1k,warm,3,4.498996958020143,120526,,duckdb-local,2026-09-20T00:55:23.095115+00:00
duckdb,iceberg,ds9_iceberg,ds9_select_ordered_limit30_wide_sort_1000_iceberg_offset100k,cold,1,165.31466212501982,1475059550,,duckdb-local,2026-09-20T00:55:23.095123+00:00
duckdb,iceberg,ds9_iceberg,ds9_select_ordered_limit30_wide_sort_1000_iceberg_offset100k,cold,2,266.03495154099073,1474909011,,duckdb-local,2026-09-20T00:55:23.095131+00:00
duckdb,iceberg,ds9_iceberg,ds9_select_ordered_limit30_wide_sort_1000_iceberg_offset100k,cold,3,251.0719422089751,1475059550,,duckdb-local,2026-09-20T00:55:23.095139+00:00
duckdb,iceberg,ds9_iceberg,ds9_select_ordered_limit30_wide_sort_1000_iceberg_offset100k,warm,1,9.82912062498508,481619,,duckdb-local,2026-09-20T00:55:23.095147+00:00
duckdb,iceberg,ds9_iceberg,ds9_select_ordered_limit30_wide_sort_1000_iceberg_offset100k,warm,2,4.365330250002444,,,duckdb-local,2026-09-20T00:55:23.095155+00:00
duckdb,iceberg,ds9_iceberg,ds9_select_ordered_limit30_wide_sort_1000_iceberg_offset100k,warm,3,3.7438320420333184,,,duckdb-local,2026-09-20T00:55:23.095163+00:00
duckdb,iceberg,ds9_iceberg,ds9_select_ordered_limit30_wide_sort_1000_iceberg_offset450k,cold,1,205.55693087499822,1475059550,,duckdb-local,2026-09-20T00:55:23.095171+00:00
duckdb,iceberg,ds9_iceberg,ds9_select_ordered_limit30_wide_sort_1000_iceberg_offset450k,cold,2,135.59324633399956,1475059550,,duckdb-local,2026-09-20T00:55:23.095179+00:00
duckdb,iceberg,ds9_iceberg,ds9_select_ordered_limit30_wide_sort_1000_iceberg_offset450k,cold,3,140.52079883398255,1475059550,,duckdb-local,2026-09-20T00:55:23.095186+00:00
duckdb,iceberg,ds9_iceberg,ds9_select_ordered_limit30_wide_sort_1000_iceberg_offset450k,warm,1,11.951990625006147,,,duckdb-local,2026-09-20T00:55:23.095194+00:00
duckdb,iceberg,ds9_iceberg,ds9_select_ordered_limit30_wide_sort_1000_iceberg_offset450k,warm,2,11.375491874990985,,,duckdb-local,2026-09-20T00:55:23.095202+00:00
duckdb,iceberg,ds9_iceberg,ds9_select_ordered_limit30_wide_sort_1000_iceberg_offset450k,warm,3,12.395617040980142,,,duckdb-local,2026-09-20T00:55:23.095210+00:00
duckdb,iceberg,ds9_iceberg,ds9_sum_aggregate_iceberg,cold,1,11.587708874954842,39599751,,duckdb-local,2026-09-20T00:55:23.095222+00:00
duckdb,iceberg,ds9_iceberg,ds9_sum_aggregate_iceberg,cold,2,15.950184459041338,39599751,,duckdb-local,2026-09-20T00:55:23.095230+00:00
duckdb,iceberg,ds9_iceberg,ds9_sum_aggregate_iceberg,cold,3,6.583431333012413,39599751,,duckdb-local,2026-09-20T00:55:23.095238+00:00
duckdb,iceberg,ds9_iceberg,ds9_sum_aggregate_iceberg,warm,1,0.3123251250362955,,,duckdb-local,2026-09-20T00:55:23.095245+00:00
duckdb,iceberg,ds9_iceberg,ds9_sum_aggregate_iceberg,warm,2,0.2293335419963114,,,duckdb-local,2026-09-20T00:55:23.095253+00:00
duckdb,iceberg,ds9_iceberg,ds9_sum_aggregate_iceberg,warm,3,0.19981024996377528,,,duckdb-local,2026-09-20T00:55:23.095261+00:00
duckdb,iceberg,ds9_iceberg,ds9_sum_aggregate_iceberg_offset1k,cold,1,17.944337708002422,39599751,,duckdb-local,2026-09-20T00:55:23.095268+00:00
duckdb,iceberg,ds9_iceberg,ds9_sum_aggregate_iceberg_offset1k,cold,2,6.365764000045601,39599751,,duckdb-local,2026-09-20T00:55:23.095276+00:00
duckdb,iceberg,ds9_iceberg,ds9_sum_aggregate_iceberg_offset1k,cold,3,12.297841834020801,39599751,,duckdb-local,2026-09-20T00:55:23.095283+00:00
duckdb,iceberg,ds9_iceberg,ds9_sum_aggregate_iceberg_offset1k,warm,1,0.2647180839558132,,,duckdb-local,2026-09-20T00:55:23.095291+00:00
duckdb,iceberg,ds9_iceberg,ds9_sum_aggregate_iceberg_offset1k,warm,2,0.1910975839709863,,,duckdb-local,2026-09-20T00:55:23.095299+00:00
duckdb,iceberg,ds9_iceberg,ds9_sum_aggregate_iceberg_offset1k,warm,3,0.19037991599179804,,,duckdb-local,2026-09-20T00:55:23.095306+00:00
duckdb,iceberg,ds9_iceberg,ds9_sum_aggregate_iceberg_offset100k,cold,1,6.316836874990258,39599751,,duckdb-local,2026-09-20T00:55:23.095314+00:00
duckdb,iceberg,ds9_iceberg,ds9_sum_aggregate_iceberg_offset100k,cold,2,6.849855042004492,39599751,,duckdb-local,2026-09-20T00:55:23.095321+00:00
duckdb,iceberg,ds9_iceberg,ds9_sum_aggregate_iceberg_offset100k,cold,3,17.746805792034138,39599751,,duckdb-local,2026-09-20T00:55:23.095329+00:00
duckdb,iceberg,ds9_iceberg,ds9_sum_aggregate_iceberg_offset100k,warm,1,0.28656095801852643,,,duckdb-local,2026-09-20T00:55:23.095336+00:00
duckdb,iceberg,ds9_iceberg,ds9_sum_aggregate_iceberg_offset100k,warm,2,0.22370675002457574,,,duckdb-local,2026-09-20T00:55:23.095344+00:00
duckdb,iceberg,ds9_iceberg,ds9_sum_aggregate_iceberg_offset100k,warm,3,0.2051000829669647,,,duckdb-local,2026-09-20T00:55:23.095351+00:00
duckdb,iceberg,ds9_iceberg,ds9_sum_aggregate_iceberg_offset450k,cold,1,8.827114166982938,39599751,,duckdb-local,2026-09-20T00:55:23.095359+00:00
duckdb,iceberg,ds9_iceberg,ds9_sum_aggregate_iceberg_offset450k,cold,2,10.848241875006352,39599751,,duckdb-local,2026-09-20T00:55:23.095366+00:00
duckdb,iceberg,ds9_iceberg,ds9_sum_aggregate_iceberg_offset450k,cold,3,7.506918625032995,39599751,,duckdb-local,2026-09-20T00:55:23.095374+00:00
duckdb,iceberg,ds9_iceberg,ds9_sum_aggregate_iceberg_offset450k,warm,1,0.2772265830426477,,,duckdb-local,2026-09-20T00:55:23.095382+00:00
duckdb,iceberg,ds9_iceberg,ds9_sum_aggregate_iceberg_offset450k,warm,2,0.23464908404275775,,,duckdb-local,2026-09-20T00:55:23.095389+00:00
duckdb,iceberg,ds9_iceberg,ds9_sum_aggregate_iceberg_offset450k,warm,3,0.19805058394558728,,,duckdb-local,2026-09-20T00:55:23.095397+00:00
duckdb,iceberg,ds9_iceberg,ds9_column_pruning_select_iceberg,cold,1,4.718567832955159,535760,,duckdb-local,2026-09-20T00:55:23.095404+00:00
duckdb,iceberg,ds9_iceberg,ds9_column_pruning_select_iceberg,cold,2,3.970901583961677,535760,,duckdb-local,2026-09-20T00:55:23.095412+00:00
duckdb,iceberg,ds9_iceberg,ds9_column_pruning_select_iceberg,cold,3,2.1393728330149315,535760,,duckdb-local,2026-09-20T00:55:23.095419+00:00
duckdb,iceberg,ds9_iceberg,ds9_column_pruning_select_iceberg,warm,1,0.2424415840068832,,,duckdb-local,2026-09-20T00:55:23.095427+00:00
duckdb,iceberg,ds9_iceberg,ds9_column_pruning_select_iceberg,warm,2,0.4224515419919044,,,duckdb-local,2026-09-20T00:55:23.095434+00:00
duckdb,iceberg,ds9_iceberg,ds9_column_pruning_select_iceberg,warm,3,0.16051945800427347,,,duckdb-local,2026-09-20T00:55:23.095442+00:00
duckdb,iceberg,ds9_iceberg,ds9_aggregate_far_columns_iceberg,cold,1,6.246012957999483,14430726,,duckdb-local,2026-09-20T00:55:23.095449+00:00
duckdb,iceberg,ds9_iceberg,ds9_aggregate_far_columns_iceberg,cold,2,9.766935500025284,14430726,,duckdb-local,2026-09-20T00:55:23.095457+00:00
duckdb,iceberg,ds9_iceberg,ds9_aggregate_far_columns_iceberg,cold,3,5.148488709004596,14430726,,duckdb-local,2026-09-20T00:55:23.095464+00:00
duckdb,iceberg,ds9_iceberg,ds9_aggregate_far_columns_iceberg,warm,1,0.3036812919890508,,,duckdb-local,2026-09-20T00:55:23.095472+00:00
duckdb,iceberg,ds9_iceberg,ds9_aggregate_far_columns_iceberg,warm,2,0.18704870797228068,,,duckdb-local,2026-09-20T00:55:23.095479+00:00
duckdb,iceberg,ds9_iceberg,ds9_aggregate_far_columns_iceberg,warm,3,0.19034291699063033,,,duckdb-local,2026-09-20T00:55:23.095486+00:00
